Workbook
Name Beschriftung: OFFSET(#REF!,0,0,COUNTA(#REF!),-1)
Name Daten01: OFFSET(#REF!,0,0,COUNTA(#REF!),-1)
Name Daten02: OFFSET(#REF!,0,0,COUNTA(#REF!),-1)
Name Daten03: OFFSET(#REF!,0,0,COUNTA(#REF!),-1)
Name Daten04: OFFSET(#REF!,0,0,COUNTA(#REF!),-1)
Name Daten05: OFFSET(#REF!,0,0,COUNTA(#REF!),-1)
Name Daten06: OFFSET(#REF!,0,0,COUNTA(#REF!),-1)
Name Daten07: OFFSET(#REF!,0,0,COUNTA(#REF!),-1)
Name Daten08: OFFSET(#REF!,0,0,COUNTA(#REF!),-1)
Name Daten09: OFFSET(#REF!,0,0,COUNTA(#REF!),-1)
Name Daten10: OFFSET(#REF!,0,0,COUNTA(#REF!),-1)
Name Inputs: Tabelle13[#All]
Name Inputs: Tabelle13[#All]
Name Inputs: Tabelle13[#All]
Name Beschriftung: OFFSET(#REF!,0,0,COUNTA(#REF!),-1)
Name Daten01: OFFSET(#REF!,0,0,COUNTA(#REF!),-1)
Name Inputs: #REF!
Name Beschriftung: OFFSET(#REF!,0,0,COUNTA(#REF!),-1)
Name Daten01: OFFSET(#REF!,0,0,COUNTA(#REF!),-1)
Name Inputs: #REF!
Name Beschriftung: OFFSET(#REF!,0,0,COUNTA(#REF!),-1)
Name Daten01: OFFSET(#REF!,0,0,COUNTA(#REF!),-1)
Name Inputs: #REF!
Name Inputs: Tabelle13[#All]
Name Inputs: Tabelle13[#All]

Sheet 1. Readme
B1: Readme
B3: Version | C3: Description | D3: Comments/Changes
B4: V1.0 | C4: NNB reporting template, Version 1.0, April 29 2025 | D4: First version developed in a research project funded by the German Environment Agency (UBA) (Project No. (FKZ) 3722 63 2012)
B7: Notes:
B8: This template currently contains dummy values for N flows for the years 2018, 2020 and 2022 including corresponding uncertaintes (i.e. identical values for all N flows in a given year). Thus all figures and values in the output tables are only illustrative and do not reflect effective N inputs or outputs.
B11: Description
B12: The present template for national nitrogen budget (NNB) provides a predefined list of N flows that need to be quantified. Methods and information on available data sources are provided in the Annexes to the Guidance document on NNB. Once data for one or several years have been entered in the database table (table 2.), the subsequent sheets of this document allow for a visualization of the resulting nitrogen Budgets per pool and sub-pool, indluding also time series, that show the evolution of nitrogen wasted and losses of reactive nitrogen to the environment. Furthermore, the nitrogen use efficiency, i.e. the ratio between useful outputs of a pool (including recycling outputs) per total inputs to a pool are shown. The template also provides an interface table to the "NNB visualization tool" developped by the "UK Centre for Ecology & Hydrology" (see table 4 "Interface to NNB-R-Tool") and an additional interface table for importing the data to the Material Flow Analysis software STAN.
B15: Link to R visualization tool: | C15: Nitrogen budget visualisation tool (ceh.ac.uk)
B16: Link to STAN visualization template: | C16: https://www.clrtap-tfrn.org/sites/default/files/2025-04/NNB%20model%20STAN%20-%20master_V1.0.zmfa__0.zip
B17: Link to STAN software: | C17: https://www.stan2web.net/
B19: Structure of the template
B21: Cells that can be edited by users are formated as follows throughout the entire document:
B23: Tables to be edited
A24: Nr. | B24: Sheet | C24: Description | D24: Workflow & editing
A25: 2a | B25: Database N flows | C25: Database of N flows in which data on nitrogen flows and corresponding uncertainties can be entered. In addition, the year and country for which the N flow was quantified needs to be entered. It is recommended to document the data sources used for quantifying the flow, deviations from the methods proposed by the annexes and further comments, if necessary. To add N flows for additional years, the list of N flows for one year needs to be copied and pasted to the bottom end of the database sheet. | D25: Enter N-flow data in Columns N-T in the units and format described in row 2 -Value in kilotons of N -Uncertainty in % -Year -Data sources -Comment -Deviation from Guidance Document and justification -Country
A26: 2b | B26: Database Stock changes | C26: Optional: In cases where stock changes are quantified, corresponding data can be entered in this table for each sub-pool. | D26: Enter data on stock changes in Columns N-T in the units and format described in row 2 -Value in kilotons of N -Uncertainty in % -Year -Data sources -Comment -Deviation from Guidance Document and justification -Country
A27: 3.1.a | B27: Input Output Matrix per (sub-)pool | C27: Shows the matrix of total input and output N flows per pool and subpool The automatic color scheme of the background indicates high input-output values (dark green) and low input-output values (light green) | D27: Select input data (year, species) to be displayed by drop-down list
A28: 3.1.b | B28: Inputs and Outputs per pool | C28: Lists all N flows of a selected pool and shows total inputs and outputs including their uncertainty | D28: Select input data (year, pool) to be displayed by drop-down list
A29: 3.1.c | B29: N Budget | C29: Shows figures of N Budgets per pool and subpool, i.e. total inputs and total outputs | D29: Select input data (year, pool) to be displayed by drop-down list
A30: 3.2.a | B30: NUE | C30: Shows figures and tables of inputs and outputs of N flows on a country level and per pool and sub-pool. Provides nitrogen use efficiencies (NUE) on a country level and per pool and sub-pool. | D30: Select input data (year, pool) to be displayed by drop-down list
A31: 3.2.b | B31: NUE Agriculture | C31: Provides nitrogen use efficiencies (NUE) for the subpools of the pool agriculture, including a detailed list of relevant input and output N flows. | D31: Select input data (year) to be displayed by drop-down list
A32: 3.2.c | B32: NUE Whole economy | C32: Provides nitrogen use efficiencies (NUE) for the whole economy, including a detailed list of relevant input and output N flows. | D32: Select input data (year) to be displayed by drop-down list
A33: 3.3a | B33: Time series: N wasted | C33: Shows figures and tables with time series of: -N wasted including a comparison to the target "halving of N waste" | D33: Select input data (year, pool) to be displayed by drop-down list
A34: 3.3b | B34: Time series: Nr losses | C34: Shows figures and tables with time series of: -Losses of reactive N to the environment (pool FS, HY, AT) | D34: Select input data (year, pool) to be displayed by drop-down list
A35: 3.3c | B35: Time series N input and output | C35: Shows figures and tables with time series of: -total N inputs by pool and species | D35: Select input data (year, pool) to be displayed by drop-down list
A36: 4a | B36: Interface to NNB-R-Tool CSV | C36: Table to be exported to the NNB visualization tool developped by the "UK Centre for Ecology & Hydrology" in the programming language R. To import the data to the NNB visualization tool, this table needs to be saved as a CSV table and the CSV file can then be uploaded to the R visualization tool. | D36: Save table as CSV file Import table to R-Tool
A37: 4b | B37: Interface of NNB to STAN for visualisation of pool graphs | C37: Table to be exported to the STAN file to display the NNB with the pool graphs. To import the data to STAN, this table needs to be copied and pasted directly into the STAN data explorer (follow the steps on the right). | D37: {='4b Interface to NNB-STAN'!G3:G3}
B39: Background tables (no editing necessary)
B40: Sheet | C40: Description | D40: Workflow & editing
A41: 5a | B41: Definitions | C41: Definitions and abbreviations used in the database | D41: no editing required, includes only techincal information required for the drop down menues.
A42: 5b | B42: List of Inputs_Outputs | C42: Background tables for figures | D42: no editing required, includes only techincal information required for the linking of N flows to the respective sheets.
A43: 5c | B43: List of Flows | C43: Background tables for figures | D43: no editing required, includes only techincal information required for the linking of N flows to the respective sheets.
B46: Definitions of N species used in this document
B48: Abbreviation | C48: N species | D48: Chemical formula
B50: Reactive nitrogen Nr
B51: NOx | C51: Nitrogen oxides | D51: NOx (expressed as mass of NO2 by definition)
B52: NH3 | C52: Ammonia | D52: NH3
B53: N2O | C53: Nitrous oxide | D53: N2O
B54: Nmix | C54: Other reactive N species bound to materials (e.g. food, plastic, organic materials) or a mix of reactive N species (e.g. mixture of dissolved forms of nitrogen such as NO3-, NH4+, NO2-) | D54: -
B55: Inert nitrogen
B56: N2 | C56: Molecular nitrogen | D56: N2
B58: Aggregated N species
B59: Abbreviation | C59: Definition
B60: Nr | C60: Sum of reactive N species such as NOx, NH3, N2O, NH4+, etc.
B61: RDN | C61: Sum of wet and dry deposition and atmospheric transport of reduced N-species (gaseous: NH3, solid/liquid aerosols: NH4+)
B62: OXN | C62: Sum of wet and dry deposition and atmospheric transport of oxidized N-species (gaseous: NO, NO2, HNO3, N2O, PAN, solid/liquid aerosols: NO2- , NO3-)
B63: Ntot | C63: Total nitrogen flow between two subpools (sum over all N-species )
B66: Modification of N flows
B68: The list of nitrogen flows provided in this reporting template corresponds to the N flows defined in the Annexes to the Guidance document on national nitrogen budgets. In case that different or additional N flows need to be defined, the following sheets need to be modified accordingly. In all relevant sheets protection needs to be removed first (no password needed)
B69: Sheet | C69: Modification
B70: 2. Database | C70: Add N flow in additional rows
B71: 3.2.b NUE Agriculture | C71: Add N flows, in case they are relevant for NUE in Agriculture
B72: 3.2.c NUE Whole economy | C72: Add N flows, in case they are relevant for NUE of the whole economy
B73: 4a Interface to NNB-R-Tool CSV | C73: Add formula for new N flow in additional rows
B74: 4a Interface to NNB-R-Tool | C74: Add formula for new N flow in additional rows
B75: 4b Interface to NNB-STAN | C75: Add formula for new N flow in additional rows
B76: 5b List of Inputs_Outputs | C76: Add N flow in additional rows
B77: 5c List of Flows | C77: Add N flow in additional rows
B79: If data need to be added for an additional year, only the sheet 2. Database needs to be modified (copy entrire list of N flows)

Sheet 2a. Database N flows
B1: Flow | C1: Flow Code | D1: Pool-Out | E1: Subpool-Out | F1: Subpool-Out description | G1: Pool-In | H1: Subpool-In | I1: Subpool-In description | J1: Flow name | K1: STAN Flow name | L1: reactive/inactive | M1: Species | N1: Value | O1: Uncertainty | P1: Year | Q1: Data sources | R1: Comment | S1: Deviation from Guidance Document and justification | T1: Country | U1: Flow type
D2: - | E2: - | G2: - | H2: - | N2: kt N | O2: % | P2: - | Q2: text | R2: text | S2: text | T2: Country | U2: overViewType | V2: Uncertainty contribution
A3: Energy and fuels | B3: EF.EC-EF.IC | C3: EF.EC-EF.IC-Fuel for industry-Nmix | D3: EF | E3: EC | F3: =VLOOKUP(E3,'5.a Definitions'!E:F,2,FALSE) | G3: EF | H3: IC | I3: =VLOOKUP(H3,'5.a Definitions'!E:F,2,FALSE) | J3: Fuel for industry | K3: fuel for industry | L3: reactive | M3: Nmix | N3: nan | O3: 0.2 | P3: 2025 | Q3: no data | R3: not done | S3: text | T3: Norway | U3: useful output | V3: =(O3*N3)^2
B4: EF.EC-EF.TR | C4: EF.EC-EF.TR-Fuel for transport-Nmix | D4: EF | E4: EC | F4: =VLOOKUP(E4,'5.a Definitions'!E:F,2,FALSE) | G4: EF | H4: TR | I4: =VLOOKUP(H4,'5.a Definitions'!E:F,2,FALSE) | J4: Fuel for transport | K4: fuel for transport | L4: reactive | M4: Nmix | N4: nan | O4: 0.2 | P4: 2025 | Q4: no data | R4: not done | S4: text | T4: Norway | U4: useful output | V4: =(O4*N4)^2
B5: EF.EC-EF.OE | C5: EF.EC-EF.OE-Fuel for heating-Nmix | D5: EF | E5: EC | F5: =VLOOKUP(E5,'5.a Definitions'!E:F,2,FALSE) | G5: EF | H5: OE | I5: =VLOOKUP(H5,'5.a Definitions'!E:F,2,FALSE) | J5: Fuel for heating | K5: fuel for heating | L5: reactive | M5: Nmix | N5: nan | O5: 0.2 | P5: 2025 | Q5: no data | R5: not done | S5: text | T5: Norway | U5: useful output | V5: =(O5*N5)^2
B6: EF.EC-MP.OP | C6: EF.EC-MP.OP-Fuel used as feedstock-Nmix | D6: EF | E6: EC | F6: =VLOOKUP(E6,'5.a Definitions'!E:F,2,FALSE) | G6: MP | H6: OP | I6: =VLOOKUP(H6,'5.a Definitions'!E:F,2,FALSE) | J6: Fuel used as feedstock | K6: fuel used as feedstock | L6: reactive | M6: Nmix | N6: nan | O6: 0.2 | P6: 2025 | Q6: no data | R6: not done | S6: text | T6: Norway | U6: useful output | V6: =(O6*N6)^2
B7: EF.EC-AT.AT | C7: EF.EC-AT.AT-Emissions-NH3 | D7: EF | E7: EC | F7: =VLOOKUP(E7,'5.a Definitions'!E:F,2,FALSE) | G7: AT | H7: AT | I7: =VLOOKUP(H7,'5.a Definitions'!E:F,2,FALSE) | J7: Emissions | K7: energy conversion emissions | L7: reactive | M7: NH3 | N7: 0 | O7: 0.2 | P7: 2025 | Q7: no data | R7: not done | S7: text | T7: Norway | U7: N wasted | V7: =(O7*N7)^2
B8: EF.EC-AT.AT | C8: EF.EC-AT.AT-Emissions-NOx | D8: EF | E8: EC | F8: =VLOOKUP(E8,'5.a Definitions'!E:F,2,FALSE) | G8: AT | H8: AT | I8: =VLOOKUP(H8,'5.a Definitions'!E:F,2,FALSE) | J8: Emissions | K8: energy conversion emissions | L8: reactive | M8: NOx | N8: nan | O8: 0.2 | P8: 2025 | Q8: no data | R8: not done | S8: text | T8: Norway | U8: N wasted | V8: =(O8*N8)^2
B9: EF.EC-AT.AT | C9: EF.EC-AT.AT-Emissions-N2O | D9: EF | E9: EC | F9: =VLOOKUP(E9,'5.a Definitions'!E:F,2,FALSE) | G9: AT | H9: AT | I9: =VLOOKUP(H9,'5.a Definitions'!E:F,2,FALSE) | J9: Emissions | K9: energy conversion emissions | L9: reactive | M9: N2O | N9: nan | O9: 0.2 | P9: 2025 | Q9: no data | R9: not done | S9: text | T9: Norway | U9: N wasted | V9: =(O9*N9)^2
B10: EF.EC-AT.AT | C10: EF.EC-AT.AT-Emissions-N2 | D10: EF | E10: EC | F10: =VLOOKUP(E10,'5.a Definitions'!E:F,2,FALSE) | G10: AT | H10: AT | I10: =VLOOKUP(H10,'5.a Definitions'!E:F,2,FALSE) | J10: Emissions | K10: energy conversion emissions | L10: inert | M10: N2 | N10: 0 | O10: 10 | P10: 2025 | Q10: mass balance | R10: ok | S10: text | T10: Norway | U10: N wasted | V10: =(O10*N10)^2
B11: EF.EC-RW.RW | C11: EF.EC-RW.RW-Fuel export-Nmix | D11: EF | E11: EC | F11: =VLOOKUP(E11,'5.a Definitions'!E:F,2,FALSE) | G11: RW | H11: RW | I11: =VLOOKUP(H11,'5.a Definitions'!E:F,2,FALSE) | J11: Fuel export | K11: fuel export | L11: reactive | M11: Nmix | N11: nan | O11: 0.2 | P11: 2025 | Q11: no data | R11: not done | S11: text | T11: Norway | U11: useful output | V11: =(O11*N11)^2
B12: EF.IC-AT.AT | C12: EF.IC-AT.AT-Emissions-NH3 | D12: EF | E12: IC | F12: =VLOOKUP(E12,'5.a Definitions'!E:F,2,FALSE) | G12: AT | H12: AT | I12: =VLOOKUP(H12,'5.a Definitions'!E:F,2,FALSE) | J12: Emissions | K12: industrial emissions | L12: reactive | M12: NH3 | N12: nan | O12: 0.2 | P12: 2025 | Q12: no data | R12: not done | S12: text | T12: Norway | U12: N wasted | V12: =(O12*N12)^2
B13: EF.IC-AT.AT | C13: EF.IC-AT.AT-Emissions-NOx | D13: EF | E13: IC | F13: =VLOOKUP(E13,'5.a Definitions'!E:F,2,FALSE) | G13: AT | H13: AT | I13: =VLOOKUP(H13,'5.a Definitions'!E:F,2,FALSE) | J13: Emissions | K13: industrial emissions | L13: reactive | M13: NOx | N13: nan | O13: 0.2 | P13: 2025 | Q13: no data | R13: not done | S13: text | T13: Norway | U13: N wasted | V13: =(O13*N13)^2
B14: EF.IC-AT.AT | C14: EF.IC-AT.AT-Emissions-N2O | D14: EF | E14: IC | F14: =VLOOKUP(E14,'5.a Definitions'!E:F,2,FALSE) | G14: AT | H14: AT | I14: =VLOOKUP(H14,'5.a Definitions'!E:F,2,FALSE) | J14: Emissions | K14: industrial emissions | L14: reactive | M14: N2O | N14: nan | O14: 0.2 | P14: 2025 | Q14: no data | R14: not done | S14: text | T14: Norway | U14: N wasted | V14: =(O14*N14)^2
B15: EF.TR-AT.AT | C15: EF.TR-AT.AT-Emissions-NH3 | D15: EF | E15: TR | F15: =VLOOKUP(E15,'5.a Definitions'!E:F,2,FALSE) | G15: AT | H15: AT | I15: =VLOOKUP(H15,'5.a Definitions'!E:F,2,FALSE) | J15: Emissions | K15: transport emissions | L15: reactive | M15: NH3 | N15: nan | O15: 0.2 | P15: 2025 | Q15: no data | R15: not done | S15: text | T15: Norway | U15: N wasted | V15: =(O15*N15)^2
B16: EF.TR-AT.AT | C16: EF.TR-AT.AT-Emissions-NOx | D16: EF | E16: TR | F16: =VLOOKUP(E16,'5.a Definitions'!E:F,2,FALSE) | G16: AT | H16: AT | I16: =VLOOKUP(H16,'5.a Definitions'!E:F,2,FALSE) | J16: Emissions | K16: transport emissions | L16: reactive | M16: NOx | N16: nan | O16: 0.2 | P16: 2025 | Q16: no data | R16: not done | S16: text | T16: Norway | U16: N wasted | V16: =(O16*N16)^2
B17: EF.TR-AT.AT | C17: EF.TR-AT.AT-Emissions-N2O | D17: EF | E17: TR | F17: =VLOOKUP(E17,'5.a Definitions'!E:F,2,FALSE) | G17: AT | H17: AT | I17: =VLOOKUP(H17,'5.a Definitions'!E:F,2,FALSE) | J17: Emissions | K17: transport emissions | L17: reactive | M17: N2O | N17: nan | O17: 0.2 | P17: 2025 | Q17: no data | R17: not done | S17: text | T17: Norway | U17: N wasted | V17: =(O17*N17)^2
B18: EF.TR-AT.AT | C18: EF.TR-AT.AT-Emissions-N2 | D18: EF | E18: TR | F18: =VLOOKUP(E18,'5.a Definitions'!E:F,2,FALSE) | G18: AT | H18: AT | I18: =VLOOKUP(H18,'5.a Definitions'!E:F,2,FALSE) | J18: Emissions | K18: transport emissions | L18: inert | M18: N2 | N18: 0 | O18: 0.2 | P18: 2025 | Q18: no data | R18: not done | S18: text | T18: Norway | U18: N wasted | V18: =(O18*N18)^2
B19: EF.TR-RW.RW | C19: EF.TR-RW.RW-Export of transport fuels-Nmix | D19: EF | E19: TR | F19: =VLOOKUP(E19,'5.a Definitions'!E:F,2,FALSE) | G19: RW | H19: RW | I19: =VLOOKUP(H19,'5.a Definitions'!E:F,2,FALSE) | J19: Export of transport fuels | K19: export of transport fuel | L19: reactive | M19: Nmix | N19: nan | O19: 0.2 | P19: 2025 | Q19: no data | R19: not done | S19: text | T19: Norway | U19: useful output | V19: =(O19*N19)^2
B20: EF.OE-AT.AT | C20: EF.OE-AT.AT-Emissions-NH3 | D20: EF | E20: OE | F20: =VLOOKUP(E20,'5.a Definitions'!E:F,2,FALSE) | G20: AT | H20: AT | I20: =VLOOKUP(H20,'5.a Definitions'!E:F,2,FALSE) | J20: Emissions | K20: other fuels emissions | L20: reactive | M20: NH3 | N20: nan | O20: 0.2 | P20: 2025 | Q20: no data | R20: not done | S20: text | T20: Norway | U20: N wasted | V20: =(O20*N20)^2
B21: EF.OE-AT.AT | C21: EF.OE-AT.AT-Emissions-NOx | D21: EF | E21: OE | F21: =VLOOKUP(E21,'5.a Definitions'!E:F,2,FALSE) | G21: AT | H21: AT | I21: =VLOOKUP(H21,'5.a Definitions'!E:F,2,FALSE) | J21: Emissions | K21: other fuels emissions | L21: reactive | M21: NOx | N21: nan | O21: 0.2 | P21: 2025 | Q21: no data | R21: not done | S21: text | T21: Norway | U21: N wasted | V21: =(O21*N21)^2
B22: EF.OE-AT.AT | C22: EF.OE-AT.AT-Emissions-N2O | D22: EF | E22: OE | F22: =VLOOKUP(E22,'5.a Definitions'!E:F,2,FALSE) | G22: AT | H22: AT | I22: =VLOOKUP(H22,'5.a Definitions'!E:F,2,FALSE) | J22: Emissions | K22: other fuels emissions | L22: reactive | M22: N2O | N22: nan | O22: 0.2 | P22: 2025 | Q22: no data | R22: not done | S22: text | T22: Norway | U22: N wasted | V22: =(O22*N22)^2
B23: EF.OE-AT.AT | C23: EF.OE-AT.AT-Emissions-N2 | D23: EF | E23: OE | F23: =VLOOKUP(E23,'5.a Definitions'!E:F,2,FALSE) | G23: AT | H23: AT | I23: =VLOOKUP(H23,'5.a Definitions'!E:F,2,FALSE) | J23: Emissions | K23: other fuels emissions | L23: inert | M23: N2 | N23: 0 | O23: 0.2 | P23: 2025 | Q23: no data | R23: not done | S23: text | T23: Norway | U23: N wasted | V23: =(O23*N23)^2
A24: Materials and products | B24: MP.FP-AG.SM | C24: MP.FP-AG.SM-Seeds and planting material -Nmix | D24: MP | E24: FP | F24: =VLOOKUP(E24,'5.a Definitions'!E:F,2,FALSE) | G24: AG | H24: SM | I24: =VLOOKUP(H24,'5.a Definitions'!E:F,2,FALSE) | J24: Seeds and planting material | K24: seeds and planting material | L24: reactive | M24: Nmix | N24: 1.2237959 | O24: 0.31814404 | P24: 2025 | Q24: NIBIO Totalkalkylen | R24: ok | S24: text | T24: Norway | U24: useful output | V24: =(O24*N24)^2
B25: MP.FP-AG.MM | C25: MP.FP-AG.MM-Farm animal feed-Nmix | D25: MP | E25: FP | F25: =VLOOKUP(E25,'5.a Definitions'!E:F,2,FALSE) | G25: AG | H25: MM | I25: =VLOOKUP(H25,'5.a Definitions'!E:F,2,FALSE) | J25: Farm animal feed | K25: farm animal feed | L25: reactive | M25: Nmix | N25: nan | O25: 0.2 | P25: 2025 | Q25: no data | R25: not done | S25: text | T25: Norway | U25: useful output | V25: =(O25*N25)^2
B26: MP.FP-PR.SO | C26: MP.FP-PR.SO-Food industry waste-Nmix | D26: MP | E26: FP | F26: =VLOOKUP(E26,'5.a Definitions'!E:F,2,FALSE) | G26: PR | H26: SO | I26: =VLOOKUP(H26,'5.a Definitions'!E:F,2,FALSE) | J26: Food industry waste | K26: food industry waste | L26: reactive | M26: Nmix | N26: nan | O26: 0.2 | P26: 2025 | Q26: no data | R26: not done | S26: text | T26: Norway | U26: N wasted | V26: =(O26*N26)^2
B27: MP.FP-PR.WW | C27: MP.FP-PR.WW-Food industry wastewater-Nmix | D27: MP | E27: FP | F27: =VLOOKUP(E27,'5.a Definitions'!E:F,2,FALSE) | G27: PR | H27: WW | I27: =VLOOKUP(H27,'5.a Definitions'!E:F,2,FALSE) | J27: Food industry wastewater | K27: food industry wastewater | L27: reactive | M27: Nmix | N27: nan | O27: 0.2 | P27: 2025 | Q27: no data | R27: not done | S27: text | T27: Norway | U27: N wasted | V27: =(O27*N27)^2
B28: MP.FP-HS.HS | C28: MP.FP-HS.HS-Food products-Nmix | D28: MP | E28: FP | F28: =VLOOKUP(E28,'5.a Definitions'!E:F,2,FALSE) | G28: HS | H28: HS | I28: =VLOOKUP(H28,'5.a Definitions'!E:F,2,FALSE) | J28: Food products | K28: food products | L28: reactive | M28: Nmix | N28: 30.867683 | O28: 0.1853374 | P28: 2025 | Q28: SSB | R28: ok | S28: text | T28: Norway | U28: useful output | V28: =(O28*N28)^2
B29: MP.FP-HY.SW | C29: MP.FP-HY.SW-Untreated wastewater-Nmix | D29: MP | E29: FP | F29: =VLOOKUP(E29,'5.a Definitions'!E:F,2,FALSE) | G29: HY | H29: SW | I29: =VLOOKUP(H29,'5.a Definitions'!E:F,2,FALSE) | J29: Untreated wastewater | K29: food industry untreated wastewater | L29: reactive | M29: Nmix | N29: nan | O29: 0.2 | P29: 2025 | Q29: no data | R29: not done | S29: text | T29: Norway | U29: N wasted | V29: =(O29*N29)^2
B30: MP.FP-HY.AC | C30: MP.FP-HY.AC-Feed to freshwater aquaculture-Nmix | D30: MP | E30: FP | F30: =VLOOKUP(E30,'5.a Definitions'!E:F,2,FALSE) | G30: HY | H30: AC | I30: =VLOOKUP(H30,'5.a Definitions'!E:F,2,FALSE) | J30: Feed to freshwater aquaculture | K30: feed to freshwater aquaculture | L30: reactive | M30: Nmix | N30: 0 | O30: 0.2 | P30: 2025 | Q30: no production | R30: ok | S30: text | T30: Norway | U30: useful output | V30: =(O30*N30)^2
B31: MP.FP-HY.AC | C31: MP.FP-HY.AC-Feed to coastal aquaculture-Nmix | D31: MP | E31: FP | F31: =VLOOKUP(E31,'5.a Definitions'!E:F,2,FALSE) | G31: HY | H31: AC | I31: =VLOOKUP(H31,'5.a Definitions'!E:F,2,FALSE) | J31: Feed to coastal aquaculture | K31: feed to coastal aquaculture | L31: reactive | M31: Nmix | N31: nan | O31: 0.2 | P31: 2025 | Q31: no data | R31: not done | S31: text | T31: Norway | U31: useful output | V31: =(O31*N31)^2
B32: MP.FP-RW.RW | C32: MP.FP-RW.RW-Food export-Nmix | D32: MP | E32: FP | F32: =VLOOKUP(E32,'5.a Definitions'!E:F,2,FALSE) | G32: RW | H32: RW | I32: =VLOOKUP(H32,'5.a Definitions'!E:F,2,FALSE) | J32: Food export | K32: food export | L32: reactive | M32: Nmix | N32: nan | O32: 0.2 | P32: 2025 | Q32: no data | R32: not done | S32: text | T32: Norway | U32: useful output | V32: =(O32*N32)^2
B33: MP.FP-RW.RW | C33: MP.FP-RW.RW-Feed export-Nmix | D33: MP | E33: FP | F33: =VLOOKUP(E33,'5.a Definitions'!E:F,2,FALSE) | G33: RW | H33: RW | I33: =VLOOKUP(H33,'5.a Definitions'!E:F,2,FALSE) | J33: Feed export | K33: feed export | L33: reactive | M33: Nmix | N33: nan | O33: 0.2 | P33: 2025 | Q33: no data | R33: not done | S33: text | T33: Norway | U33: useful output | V33: =(O33*N33)^2
B34: MP.OP-AG.SM | C34: MP.OP-AG.SM-Mineral fertilizer-Nmix | D34: MP | E34: OP | F34: =VLOOKUP(E34,'5.a Definitions'!E:F,2,FALSE) | G34: AG | H34: SM | I34: =VLOOKUP(H34,'5.a Definitions'!E:F,2,FALSE) | J34: Mineral fertilizer | K34: mineral fertilizer to agriculture | L34: reactive | M34: Nmix | N34: nan | O34: 0.2 | P34: 2025 | Q34: no data | R34: not done | S34: text | T34: Norway | U34: useful output | V34: =(O33*N33)^2
B35: MP.OP-EF.IC | C35: MP.OP-EF.IC-Industrial waste fuels-Nmix | D35: MP | E35: OP | F35: =VLOOKUP(E35,'5.a Definitions'!E:F,2,FALSE) | G35: EF | H35: IC | I35: =VLOOKUP(H35,'5.a Definitions'!E:F,2,FALSE) | J35: Industrial waste fuel | K35: industrial waste fuel | L35: reactive | M35: Nmix | N35: nan | O35: 0.2 | P35: 2025 | Q35: no data | R35: not done | S35: text | T35: Norway | U35: useful output | V35: =(O35*N35)^2
B36: MP.OP-PR.SO | C36: MP.OP-PR.SO-Other industry waste-Nmix | D36: MP | E36: OP | F36: =VLOOKUP(E36,'5.a Definitions'!E:F,2,FALSE) | G36: PR | H36: SO | I36: =VLOOKUP(H36,'5.a Definitions'!E:F,2,FALSE) | J36: Other industry waste | K36: other industry waste | L36: reactive | M36: Nmix | N36: nan | O36: 0.2 | P36: 2025 | Q36: no data | R36: not done | S36: text | T36: Norway | U36: N wasted | V36: =(O34*N34)^2
B37: MP.OP-PR.WW | C37: MP.OP-PR.WW-Other industry wastewater-Nmix | D37: MP | E37: OP | F37: =VLOOKUP(E37,'5.a Definitions'!E:F,2,FALSE) | G37: PR | H37: WW | I37: =VLOOKUP(H37,'5.a Definitions'!E:F,2,FALSE) | J37: Other industry wastewater | K37: other industry wastewater | L37: reactive | M37: Nmix | N37: nan | O37: 0.2 | P37: 2025 | Q37: no data | R37: not done | S37: text | T37: Norway | U37: N wasted | V37: =(O35*N35)^2
B38: MP.OP-HS.HS | C38: MP.OP-HS.HS-Mineral fertilizer-Nmix | D38: MP | E38: OP | F38: =VLOOKUP(E38,'5.a Definitions'!E:F,2,FALSE) | G38: HS | H38: HS | I38: =VLOOKUP(H38,'5.a Definitions'!E:F,2,FALSE) | J38: Mineral fertilizer | K38: mineral fertilizer to settlements | L38: reactive | M38: Nmix | N38: nan | O38: 0.2 | P38: 2025 | Q38: no data | R38: not done | S38: text | T38: Norway | U38: useful output | V38: =(O36*N36)^2
B39: MP.OP-HS.HS | C39: MP.OP-HS.HS-Consumer goods-Nmix | D39: MP | E39: OP | F39: =VLOOKUP(E39,'5.a Definitions'!E:F,2,FALSE) | G39: HS | H39: HS | I39: =VLOOKUP(H39,'5.a Definitions'!E:F,2,FALSE) | J39: Consumer goods | K39: consumer goods | L39: reactive | M39: Nmix | N39: nan | O39: 0.3 | P39: 2025 | Q39: entries missing for mass balance | R39: in progress: only 0/6 inflows and 0/5 outflows | S39: text | T39: Norway | U39: useful output | V39: =(O37*N37)^2
B40: MP.OP-AT.AT | C40: MP.OP-AT.AT-Emissions-NH3 | D40: MP | E40: OP | F40: =VLOOKUP(E40,'5.a Definitions'!E:F,2,FALSE) | G40: AT | H40: AT | I40: =VLOOKUP(H40,'5.a Definitions'!E:F,2,FALSE) | J40: Emissions | K40: process emissions | L40: reactive | M40: NH3 | N40: nan | O40: 0.2 | P40: 2025 | Q40: no data | R40: not done | S40: text | T40: Norway | U40: N wasted | V40: =(O38*N38)^2
B41: MP.OP-AT.AT | C41: MP.OP-AT.AT-Emissions-NOx | D41: MP | E41: OP | F41: =VLOOKUP(E41,'5.a Definitions'!E:F,2,FALSE) | G41: AT | H41: AT | I41: =VLOOKUP(H41,'5.a Definitions'!E:F,2,FALSE) | J41: Emissions | K41: process emissions | L41: reactive | M41: NOx | N41: nan | O41: 0.2 | P41: 2025 | Q41: no data | R41: not done | S41: text | T41: Norway | U41: N wasted | V41: =(O39*N39)^2
B42: MP.OP-AT.AT | C42: MP.OP-AT.AT-Emissions-N2O | D42: MP | E42: OP | F42: =VLOOKUP(E42,'5.a Definitions'!E:F,2,FALSE) | G42: AT | H42: AT | I42: =VLOOKUP(H42,'5.a Definitions'!E:F,2,FALSE) | J42: Emissions | K42: process emissions | L42: reactive | M42: N2O | N42: nan | O42: 0.2 | P42: 2025 | Q42: no data | R42: not done | S42: text | T42: Norway | U42: N wasted | V42: =(O40*N40)^2
B43: MP.OP-HY.SW | C43: MP.OP-HY.SW-Untreated wastewater-Nmix | D43: MP | E43: OP | F43: =VLOOKUP(E43,'5.a Definitions'!E:F,2,FALSE) | G43: HY | H43: SW | I43: =VLOOKUP(H43,'5.a Definitions'!E:F,2,FALSE) | J43: Untreated wastewater | K43: other industry untreated wastewater | L43: reactive | M43: Nmix | N43: nan | O43: 0.2 | P43: 2025 | Q43: no data | R43: not done | S43: text | T43: Norway | U43: N wasted | V43: =(O41*N41)^2
B44: MP.OP-FS.FO | C44: MP.OP-FS.FO-Mineral fertilizer-Nmix | D44: MP | E44: OP | F44: =VLOOKUP(E44,'5.a Definitions'!E:F,2,FALSE) | G44: FS | H44: FO | I44: =VLOOKUP(H44,'5.a Definitions'!E:F,2,FALSE) | J44: Mineral fertilizer | K44: mineral fertilizer to forests | L44: reactive | M44: Nmix | N44: nan | O44: 0.2 | P44: 2025 | Q44: no data | R44: not done | S44: text | T44: Norway | U44: useful output | V44: =(O42*N42)^2
B45: MP.OP-RW.RW | C45: MP.OP-RW.RW-Mineral fertilizer export-Nmix | D45: MP | E45: OP | F45: =VLOOKUP(E45,'5.a Definitions'!E:F,2,FALSE) | G45: RW | H45: RW | I45: =VLOOKUP(H45,'5.a Definitions'!E:F,2,FALSE) | J45: Mineral fertilizer export | K45: mineral fertilizer export | L45: reactive | M45: Nmix | N45: nan | O45: 0.2 | P45: 2025 | Q45: no data | R45: not done | S45: text | T45: Norway | U45: useful output | V45: =(O43*N43)^2
B46: MP.OP-RW.RW | C46: MP.OP-RW.RW-Other goods export-Nmix | D46: MP | E46: OP | F46: =VLOOKUP(E46,'5.a Definitions'!E:F,2,FALSE) | G46: RW | H46: RW | I46: =VLOOKUP(H46,'5.a Definitions'!E:F,2,FALSE) | J46: Other goods export | K46: other goods export | L46: reactive | M46: Nmix | N46: nan | O46: 0.2 | P46: 2025 | Q46: no data | R46: not done | S46: text | T46: Norway | U46: useful output | V46: =(O44*N44)^2
A47: Agriculture | B47: AG.SM-MP.FP | C47: AG.SM-MP.FP-Food crop products-Nmix | D47: AG | E47: SM | F47: =VLOOKUP(E47,'5.a Definitions'!E:F,2,FALSE) | G47: MP | H47: FP | I47: =VLOOKUP(H47,'5.a Definitions'!E:F,2,FALSE) | J47: Food crop products | K47: food crop products | L47: reactive | M47: Nmix | N47: 24.641897 | O47: 0.46098455 | P47: 2025 | Q47: Filled (N per tonne held at 2023) x SSB cereal harvest (table 07479): Eurostat GNB | R47: ok | S47: text | T47: Norway | U47: useful output | V47: =(O45*N45)^2
B48: AG.SM-MP.OP | C48: AG.SM-MP.OP-Crop products for industrial use-Nmix | D48: AG | E48: SM | F48: =VLOOKUP(E48,'5.a Definitions'!E:F,2,FALSE) | G48: MP | H48: OP | I48: =VLOOKUP(H48,'5.a Definitions'!E:F,2,FALSE) | J48: Crop products for industrial use | K48: crop products for industrial use | L48: reactive | M48: Nmix | N48: nan | O48: 0.2 | P48: 2025 | Q48: no data | R48: not done | S48: text | T48: Norway | U48: useful output | V48: =(O46*N46)^2
B49: AG.SM-AG.MM | C49: AG.SM-AG.MM-Fodder crops-Nmix | D49: AG | E49: SM | F49: =VLOOKUP(E49,'5.a Definitions'!E:F,2,FALSE) | G49: AG | H49: MM | I49: =VLOOKUP(H49,'5.a Definitions'!E:F,2,FALSE) | J49: Fodder crops | K49: fodder crops | L49: reactive | M49: Nmix | N49: 98.807548 | O49: 0.29678714 | P49: 2025 | Q49: SSB table 13648 + BFJ Totalkalkylen, Eng-beite | R49: ok | S49: text | T49: Norway | U49: useful output | V49: =(O47*N47)^2
B50: AG.SM-AT.AT | C50: AG.SM-AT.AT-Emissions-NH3 | D50: AG | E50: SM | F50: =VLOOKUP(E50,'5.a Definitions'!E:F,2,FALSE) | G50: AT | H50: AT | I50: =VLOOKUP(H50,'5.a Definitions'!E:F,2,FALSE) | J50: Emissions | K50: agricultural soil emissions | L50: reactive | M50: NH3 | N50: nan | O50: 0.2 | P50: 2025 | Q50: no data | R50: not done | S50: text | T50: Norway | U50: N wasted | V50: =(O48*N48)^2
B51: AG.SM-AT.AT | C51: AG.SM-AT.AT-Emissions-N2O | D51: AG | E51: SM | F51: =VLOOKUP(E51,'5.a Definitions'!E:F,2,FALSE) | G51: AT | H51: AT | I51: =VLOOKUP(H51,'5.a Definitions'!E:F,2,FALSE) | J51: Emissions | K51: agricultural soil emissions | L51: reactive | M51: N2O | N51: nan | O51: 0.2 | P51: 2025 | Q51: no data | R51: not done | S51: text | T51: Norway | U51: N wasted | V51: =(O49*N49)^2
B52: AG.SM-AT.AT | C52: AG.SM-AT.AT-Emissions-NOx | D52: AG | E52: SM | F52: =VLOOKUP(E52,'5.a Definitions'!E:F,2,FALSE) | G52: AT | H52: AT | I52: =VLOOKUP(H52,'5.a Definitions'!E:F,2,FALSE) | J52: Emissions | K52: agricultural soil emissions | L52: reactive | M52: NOx | N52: nan | O52: 0.2 | P52: 2025 | Q52: no data | R52: not done | S52: text | T52: Norway | U52: N wasted | V52: =(O50*N50)^2
B53: AG.SM-AT.AT | C53: AG.SM-AT.AT-Emissions-N2 | D53: AG | E53: SM | F53: =VLOOKUP(E53,'5.a Definitions'!E:F,2,FALSE) | G53: AT | H53: AT | I53: =VLOOKUP(H53,'5.a Definitions'!E:F,2,FALSE) | J53: Emissions | K53: agricultural soil emissions | L53: inert | M53: N2 | N53: 13.774918 | O53: 0.49560767 | P53: 2025 | Q53: Schäppi2025Ann + SSB table 05982 | R53: ok | S53: text | T53: Norway | U53: N wasted | V53: =(O51*N51)^2
B54: AG.SM-HY.SW | C54: AG.SM-HY.SW-Leaching-Nmix | D54: AG | E54: SM | F54: =VLOOKUP(E54,'5.a Definitions'!E:F,2,FALSE) | G54: HY | H54: SW | I54: =VLOOKUP(H54,'5.a Definitions'!E:F,2,FALSE) | J54: Sewage sludge landfill | K54: sewage sludge landfill | L54: reactive | M54: Nmix | N54: nan | O54: 0.2 | P54: 2025 | Q54: no data | R54: not done | S54: text | T54: Norway | U54: N wasted | V54: =(O52*N52)^2
B55: AG.MM-MP.FP | C55: AG.MM-MP.FP-Animal products-Nmix | D55: AG | E55: MM | F55: =VLOOKUP(E55,'5.a Definitions'!E:F,2,FALSE) | G55: MP | H55: FP | I55: =VLOOKUP(H55,'5.a Definitions'!E:F,2,FALSE) | J55: Animal products | K55: animal products | L55: reactive | M55: Nmix | N55: nan | O55: 0.2 | P55: 2025 | Q55: no data | R55: not done | S55: text | T55: Norway | U55: useful output | V55: =(O54*N54)^2
B56: AG.MM-MP.OP | C56: AG.MM-MP.OP-Non-edible animal products-Nmix | D56: AG | E56: MM | F56: =VLOOKUP(E56,'5.a Definitions'!E:F,2,FALSE) | G56: MP | H56: OP | I56: =VLOOKUP(H56,'5.a Definitions'!E:F,2,FALSE) | J56: Non-edible animal products | K56: non-edible animal products | L56: reactive | M56: Nmix | N56: nan | O56: 0.2 | P56: 2025 | Q56: no data | R56: not done | S56: text | T56: Norway | U56: useful output | V56: =(#REF!*#REF!)^2
B57: AG.MM-AG.SM | C57: AG.MM-AG.SM-Manure application-Nmix | D57: AG | E57: MM | F57: =VLOOKUP(E57,'5.a Definitions'!E:F,2,FALSE) | G57: AG | H57: SM | I57: =VLOOKUP(H57,'5.a Definitions'!E:F,2,FALSE) | J57: Manure application | K57: manure application | L57: reactive | M57: Nmix | N57: nan | O57: 0.2 | P57: 2025 | Q57: no data | R57: not done | S57: text | T57: Norway | U57: recycling | V57: =(O55*N55)^2
B58: AG.MM-FS.OL | C58: AG.MM-FS.OL-Manure from grazing on unmanaged land-Nmix | D58: AG | E58: MM | F58: =VLOOKUP(E58,'5.a Definitions'!E:F,2,FALSE) | G58: FS | H58: OL | I58: =VLOOKUP(H58,'5.a Definitions'!E:F,2,FALSE) | J58: Manure from grazing on unmanaged land | K58: manure from grazing on unmanaged land | L58: reactive | M58: Nmix | N58: 0 | O58: 0.2 | P58: 2025 | R58: text | S58: text | T58: Norway | U58: N wasted | V58: =(O58*N58)^2
B59: AG.MM-AT.AT | C59: AG.MM-AT.AT-Emissions-NH3 | D59: AG | E59: MM | F59: =VLOOKUP(E59,'5.a Definitions'!E:F,2,FALSE) | G59: AT | H59: AT | I59: =VLOOKUP(H59,'5.a Definitions'!E:F,2,FALSE) | J59: Emissions | K59: manure and animal husbandry emissions | L59: reactive | M59: NH3 | N59: nan | O59: 0.2 | P59: 2025 | Q59: no data | R59: not done | S59: text | T59: Norway | U59: N wasted | V59: =(O57*N57)^2
B60: AG.MM-AT.AT | C60: AG.MM-AT.AT-Emissions-N2O | D60: AG | E60: MM | F60: =VLOOKUP(E60,'5.a Definitions'!E:F,2,FALSE) | G60: AT | H60: AT | I60: =VLOOKUP(H60,'5.a Definitions'!E:F,2,FALSE) | J60: Emissions | K60: manure and animal husbandry emissions | L60: reactive | M60: N2O | N60: nan | O60: 0.2 | P60: 2025 | Q60: no data | R60: not done | S60: text | T60: Norway | U60: N wasted | V60: =(#REF!*#REF!)^2
B61: AG.MM-AT.AT | C61: AG.MM-AT.AT-Emissions-NOx | D61: AG | E61: MM | F61: =VLOOKUP(E61,'5.a Definitions'!E:F,2,FALSE) | G61: AT | H61: AT | I61: =VLOOKUP(H61,'5.a Definitions'!E:F,2,FALSE) | J61: Emissions | K61: manure and animal husbandry emissions | L61: reactive | M61: NOx | N61: nan | O61: 0.2 | P61: 2025 | Q61: no data | R61: not done | S61: text | T61: Norway | U61: N wasted | V61: =(O58*N58)^2
B62: AG.MM-HY.SW | C62: AG.MM-HY.SW-Leaching-Nmix | D62: AG | E62: MM | F62: =VLOOKUP(E62,'5.a Definitions'!E:F,2,FALSE) | G62: HY | H62: SW | I62: =VLOOKUP(H62,'5.a Definitions'!E:F,2,FALSE) | J62: Leaching | K62: manure storage leaching | L62: reactive | M62: Nmix | N62: nan | O62: 0.2 | P62: 2025 | Q62: no data | R62: not done | S62: text | T62: Norway | U62: N wasted | V62: =(O59*N59)^2
B63: AG.MM-RW.RW | C63: AG.MM-RW.RW-Live animal export-Nmix | D63: AG | E63: MM | F63: =VLOOKUP(E63,'5.a Definitions'!E:F,2,FALSE) | G63: RW | H63: RW | I63: =VLOOKUP(H63,'5.a Definitions'!E:F,2,FALSE) | J63: Live animal export | K63: live animal export | L63: reactive | M63: Nmix | N63: nan | O63: 0.2 | P63: 2025 | Q63: no data | R63: not done | S63: text | T63: Norway | U63: useful output | V63: =(O60*N60)^2
A64: Forests and Semi-natural vegetation | B64: FS.FO-AT.AT | C64: FS.FO-AT.AT-Emissions-N2 | D64: FS | E64: FO | F64: =VLOOKUP(E64,'5.a Definitions'!E:F,2,FALSE) | G64: AT | H64: AT | I64: =VLOOKUP(H64,'5.a Definitions'!E:F,2,FALSE) | J64: Emissions | K64: forest emissions | L64: inert | M64: N2 | N64: nan | O64: 0.2 | P64: 2025 | Q64: no data | R64: not done | S64: text | T64: Norway | U64: N wasted | V64: =(O61*N61)^2
B65: FS.FO-AT.AT | C65: FS.FO-AT.AT-Emissions-N2O | D65: FS | E65: FO | F65: =VLOOKUP(E65,'5.a Definitions'!E:F,2,FALSE) | G65: AT | H65: AT | I65: =VLOOKUP(H65,'5.a Definitions'!E:F,2,FALSE) | J65: Emissions | K65: forest emissions | L65: reactive | M65: N2O | N65: nan | O65: 0.2 | P65: 2025 | Q65: no data | R65: not done | S65: text | T65: Norway | U65: N wasted | V65: =(O62*N62)^2
B66: FS.FO-HY.SW | C66: FS.FO-HY.SW-Leaching-Nmix | D66: FS | E66: FO | F66: =VLOOKUP(E66,'5.a Definitions'!E:F,2,FALSE) | G66: HY | H66: SW | I66: =VLOOKUP(H66,'5.a Definitions'!E:F,2,FALSE) | J66: Leaching | K66: forest leaching | L66: reactive | M66: Nmix | N66: nan | O66: 0.2 | P66: 2025 | Q66: no data | R66: not done | S66: text | T66: Norway | U66: N wasted | V66: =(#REF!*#REF!)^2
B67: FS.FO-MP.OP | C67: FS.FO-MP.OP-Industrial round wood-Nmix | D67: FS | E67: FO | F67: =VLOOKUP(E67,'5.a Definitions'!E:F,2,FALSE) | G67: MP | H67: OP | I67: =VLOOKUP(H67,'5.a Definitions'!E:F,2,FALSE) | J67: Industrial round wood | K67: industrial round wood | L67: reactive | M67: Nmix | N67: nan | O67: 0.2 | P67: 2025 | Q67: no data | R67: not done | S67: text | T67: Norway | U67: useful output | V67: =(O64*N64)^2
B68: FS.FO-EF.OE | C68: FS.FO-EF.OE-Fuel wood for households-Nmix | D68: FS | E68: FO | F68: =VLOOKUP(E68,'5.a Definitions'!E:F,2,FALSE) | G68: EF | H68: OE | I68: =VLOOKUP(H68,'5.a Definitions'!E:F,2,FALSE) | J68: Fuel wood for households | K68: fuel wood for households | L68: reactive | M68: Nmix | N68: nan | O68: 0.2 | P68: 2025 | Q68: no data | R68: not done | S68: text | T68: Norway | U68: useful output | V68: =(O65*N65)^2
B69: FS.OL-AT.AT | C69: FS.OL-AT.AT-Emissions-NH3 | D69: FS | E69: OL | F69: =VLOOKUP(E69,'5.a Definitions'!E:F,2,FALSE) | G69: AT | H69: AT | I69: =VLOOKUP(H69,'5.a Definitions'!E:F,2,FALSE) | J69: Emissions | K69: other land emissions | L69: reactive | M69: NH3 | N69: 0 | O69: 0.2 | P69: 2025 | R69: text | S69: text | T69: Norway | U69: useful output | V69: =(O69*N69)^2
B70: FS.OL-AT.AT | C70: FS.OL-AT.AT-Emissions-NOx | D70: FS | E70: OL | F70: =VLOOKUP(E70,'5.a Definitions'!E:F,2,FALSE) | G70: AT | H70: AT | I70: =VLOOKUP(H70,'5.a Definitions'!E:F,2,FALSE) | J70: Emissions | K70: other land emissions | L70: reactive | M70: NOx | N70: 0 | O70: 0.2 | P70: 2025 | R70: text | S70: text | T70: Norway | U70: useful output | V70: =(O70*N70)^2
B71: FS.OL-AT.AT | C71: FS.OL-AT.AT-Emissions-N2O | D71: FS | E71: OL | F71: =VLOOKUP(E71,'5.a Definitions'!E:F,2,FALSE) | G71: AT | H71: AT | I71: =VLOOKUP(H71,'5.a Definitions'!E:F,2,FALSE) | J71: Emissions | K71: other land emissions | L71: reactive | M71: N2O | N71: 0 | O71: 0.2 | P71: 2025 | R71: text | S71: text | T71: Norway | U71: useful output | V71: =(O71*N71)^2
B72: FS.OL-AG.MM | C72: FS.OL-AG.MM-Grazing-Nmix | D72: FS | E72: OL | F72: =VLOOKUP(E72,'5.a Definitions'!E:F,2,FALSE) | G72: AG | H72: MM | I72: =VLOOKUP(H72,'5.a Definitions'!E:F,2,FALSE) | J72: Grazing | K72: grazing | L72: reactive | M72: Nmix | N72: 6.4534983 | O72: 0.26185532 | P72: 2025 | Q72: SSB table 12660 | R72: ok | S72: text | T72: Norway | U72: useful output | V72: =(O68*N68)^2
B73: FS.OL-HY.SW | C73: FS.OL-HY.SW-Leaching-Nmix | D73: FS | E73: OL | F73: =VLOOKUP(E73,'5.a Definitions'!E:F,2,FALSE) | G73: HY | H73: SW | I73: =VLOOKUP(H73,'5.a Definitions'!E:F,2,FALSE) | J73: Leaching | K73: other land leaching | L73: reactive | M73: Nmix | N73: nan | O73: 0.2 | P73: 2025 | Q73: no data | R73: not done | S73: text | T73: Norway | U73: N wasted | V73: =(O68*N68)^2
A74: Processing of residues | B74: PR.SO-EF.EC | C74: PR.SO-EF.EC-Waste to energy-Nmix | D74: PR | E74: SO | F74: =VLOOKUP(E74,'5.a Definitions'!E:F,2,FALSE) | G74: EF | H74: EC | I74: =VLOOKUP(H74,'5.a Definitions'!E:F,2,FALSE) | J74: Waste for energy incineration | K74: waste for energy incineration | L74: reactive | M74: Nmix | N74: nan | O74: 0.2 | P74: 2025 | Q74: no data | R74: not done | S74: text | T74: Norway | U74: useful output | V74: =(#REF!*#REF!)^2
B75: PR.SO-MP.OP | C75: PR.SO-MP.OP-Recycling-Nmix | D75: PR | E75: SO | F75: =VLOOKUP(E75,'5.a Definitions'!E:F,2,FALSE) | G75: MP | H75: OP | I75: =VLOOKUP(H75,'5.a Definitions'!E:F,2,FALSE) | J75: Recycling | K75: recycling | L75: reactive | M75: Nmix | N75: nan | O75: 0.2 | P75: 2025 | Q75: no data | R75: not done | S75: text | T75: Norway | U75: recycling | V75: =(#REF!*#REF!)^2
B76: PR.SO-AG.SM | C76: PR.SO-AG.SM-Biologically treated organic waste-Nmix | D76: PR | E76: SO | F76: =VLOOKUP(E76,'5.a Definitions'!E:F,2,FALSE) | G76: AG | H76: SM | I76: =VLOOKUP(H76,'5.a Definitions'!E:F,2,FALSE) | J76: Biologically treated organic waste | K76: biologically treated organic waste | L76: reactive | M76: Nmix | N76: nan | O76: 0.2 | P76: 2025 | Q76: no data | R76: not done | S76: text | T76: Norway | U76: recycling
B77: PR.SO-PR.WW | C77: PR.SO-PR.WW-Wastewater from landfills-Nmix | D77: PR | E77: SO | F77: =VLOOKUP(E77,'5.a Definitions'!E:F,2,FALSE) | G77: PR | H77: WW | I77: =VLOOKUP(H77,'5.a Definitions'!E:F,2,FALSE) | J77: Wastewater from landfills | K77: wastewater from landfills | L77: reactive | M77: Nmix | N77: 0.42065089 | O77: 0.088549054 | P77: 2025 | Q77: Utslipp_deponi.xlsx (Mildir) | R77: ok | S77: text | T77: Norway | U77: N wasted | V77: =(#REF!*#REF!)^2
B78: PR.SO-HS.HS | C78: PR.SO-HS.HS-Biologically treated organic waste-Nmix | D78: PR | E78: SO | F78: =VLOOKUP(E78,'5.a Definitions'!E:F,2,FALSE) | G78: HS | H78: HS | I78: =VLOOKUP(H78,'5.a Definitions'!E:F,2,FALSE) | J78: Biologically treated organic waste | K78: biologically treated organic waste | L78: reactive | M78: Nmix | N78: nan | O78: 0.2 | P78: 2025 | Q78: no data | R78: not done | S78: text | T78: Norway | U78: recycling | V78: =(O70*N70)^2
B79: PR.SO-AT.AT | C79: PR.SO-AT.AT-Emissions-NH3 | D79: PR | E79: SO | F79: =VLOOKUP(E79,'5.a Definitions'!E:F,2,FALSE) | G79: AT | H79: AT | I79: =VLOOKUP(H79,'5.a Definitions'!E:F,2,FALSE) | J79: Emissions | K79: solid waste emissions | L79: reactive | M79: NH3 | N79: nan | O79: 0.2 | P79: 2025 | Q79: no data | R79: not done | S79: text | T79: Norway | U79: N wasted | V79: =(O71*N71)^2
B80: PR.SO-AT.AT | C80: PR.SO-AT.AT-Emissions-NOx | D80: PR | E80: SO | F80: =VLOOKUP(E80,'5.a Definitions'!E:F,2,FALSE) | G80: AT | H80: AT | I80: =VLOOKUP(H80,'5.a Definitions'!E:F,2,FALSE) | J80: Emissions | K80: solid waste emissions | L80: reactive | M80: NOx | N80: nan | O80: 0.2 | P80: 2025 | Q80: no data | R80: not done | S80: text | T80: Norway | U80: N wasted | V80: =(O72*N72)^2
B81: PR.SO-AT.AT | C81: PR.SO-AT.AT-Emissions-N2O | D81: PR | E81: SO | F81: =VLOOKUP(E81,'5.a Definitions'!E:F,2,FALSE) | G81: AT | H81: AT | I81: =VLOOKUP(H81,'5.a Definitions'!E:F,2,FALSE) | J81: Emissions | K81: solid waste emissions | L81: reactive | M81: N2O | N81: nan | O81: 0.2 | P81: 2025 | Q81: no data | R81: not done | S81: text | T81: Norway | U81: N wasted | V81: =(O73*N73)^2
B82: PR.SO-HY.SW | C82: PR.SO-HY.SW-Leaching-Nmix | D82: PR | E82: SO | F82: =VLOOKUP(E82,'5.a Definitions'!E:F,2,FALSE) | G82: HY | H82: SW | I82: =VLOOKUP(H82,'5.a Definitions'!E:F,2,FALSE) | J82: Leaching | K82: solid waste leaching | L82: reactive | M82: Nmix | N82: 0.44717539 | O82: 0.14150135 | P82: 2025 | Q82: Utslipp_deponi.xlsx (Mildir) | R82: ok | S82: text | T82: Norway | U82: N wasted | V82: =(#REF!*#REF!)^2
B83: PR.SO-RW.RW | C83: PR.SO-RW.RW-Solid waste export-Nmix | D83: PR | E83: SO | F83: =VLOOKUP(E83,'5.a Definitions'!E:F,2,FALSE) | G83: RW | H83: RW | I83: =VLOOKUP(H83,'5.a Definitions'!E:F,2,FALSE) | J83: Solid waste export | K83: solid waste export | L83: reactive | M83: Nmix | N83: 0 | O83: 0 | P83: 2025 | Q83: SSB tab 08801 | R83: ok | S83: text | T83: Norway | U83: N wasted | V83: =(#REF!*#REF!)^2
B84: PR.SO-RW.RW | C84: PR.SO-RW.RW-Export for recycling-Nmix | D84: PR | E84: SO | F84: =VLOOKUP(E84,'5.a Definitions'!E:F,2,FALSE) | G84: RW | H84: RW | I84: =VLOOKUP(H84,'5.a Definitions'!E:F,2,FALSE) | J84: Export-for-recycling | K84: export-for-recycling | L84: reactive | M84: Nmix | N84: nan | O84: 0.2 | P84: 2025 | Q84: no data | R84: not done | S84: text | T84: Norway | U84: recycling | V84: =(O76*N76)^2
B85: PR.SO-RW.RW | C85: PR.SO-RW.RW-Export for reuse-Nmix | D85: PR | E85: SO | F85: =VLOOKUP(E85,'5.a Definitions'!E:F,2,FALSE) | G85: RW | H85: RW | I85: =VLOOKUP(H85,'5.a Definitions'!E:F,2,FALSE) | J85: Export-for-reuse | K85: export-for-reuse | L85: reactive | M85: Nmix | N85: nan | O85: 0.2 | P85: 2025 | Q85: no data | R85: not done | S85: text | T85: Norway | U85: recycling | V85: =(O77*N77)^2
B86: PR.WW-AG.SM | C86: PR.WW-AG.SM-Sewage sludge fertilizer-Nmix | D86: PR | E86: WW | F86: =VLOOKUP(E86,'5.a Definitions'!E:F,2,FALSE) | G86: AG | H86: SM | I86: =VLOOKUP(H86,'5.a Definitions'!E:F,2,FALSE) | J86: Sewage sludge fertilizer | K86: sewage sludge fertilizer | L86: reactive | M86: Nmix | N86: nan | O86: 0.2 | P86: 2025 | Q86: no data | R86: not done | S86: text | T86: Norway | U86: recycling | V86: =(O74*N74)^2
B87: PR.WW-PR.SO | C87: PR.WW-PR.SO-Sewage sludge landfill-Nmix | D87: PR | E87: WW | F87: =VLOOKUP(E87,'5.a Definitions'!E:F,2,FALSE) | G87: PR | H87: SO | I87: =VLOOKUP(H87,'5.a Definitions'!E:F,2,FALSE) | J87: Sewage sludge landfill | K87: sewage sludge landfill | L87: reactive | M87: Nmix | N87: nan | O87: 0.2 | P87: 2025 | Q87: no data | R87: not done | S87: text | T87: Norway | U87: N wasted | V87: =(O75*N75)^2
B88: PR.WW-HS.HS | C88: PR.WW-HS.HS-Sewage sludge fertilizer-Nmix | D88: PR | E88: WW | F88: =VLOOKUP(E88,'5.a Definitions'!E:F,2,FALSE) | G88: HS | H88: HS | I88: =VLOOKUP(H88,'5.a Definitions'!E:F,2,FALSE) | J88: Sewage sludge fertilizer | K88: sewage sludge fertilizer | L88: reactive | M88: Nmix | N88: nan | O88: 0.2 | P88: 2025 | Q88: no data | R88: not done | S88: text | T88: Norway | U88: recycling
B89: PR.WW-AT.AT | C89: PR.WW-AT.AT-Emissions-NH3 | D89: PR | E89: WW | F89: =VLOOKUP(E89,'5.a Definitions'!E:F,2,FALSE) | G89: AT | H89: AT | I89: =VLOOKUP(H89,'5.a Definitions'!E:F,2,FALSE) | J89: Emissions | K89: wastewater emissions | L89: reactive | M89: NH3 | N89: nan | O89: 0.2 | P89: 2025 | Q89: no data | R89: not done | S89: text | T89: Norway | U89: N wasted | V89: =(O77*N77)^2
B90: PR.WW-AT.AT | C90: PR.WW-AT.AT-Emissions-NOx | D90: PR | E90: WW | F90: =VLOOKUP(E90,'5.a Definitions'!E:F,2,FALSE) | G90: AT | H90: AT | I90: =VLOOKUP(H90,'5.a Definitions'!E:F,2,FALSE) | J90: Emissions | K90: wastewater emissions | L90: reactive | M90: NOx | N90: nan | O90: 0.2 | P90: 2025 | Q90: no data | R90: not done | S90: text | T90: Norway | U90: N wasted | V90: =(O78*N78)^2
B91: PR.WW-AT.AT | C91: PR.WW-AT.AT-Emissions-N2O | D91: PR | E91: WW | F91: =VLOOKUP(E91,'5.a Definitions'!E:F,2,FALSE) | G91: AT | H91: AT | I91: =VLOOKUP(H91,'5.a Definitions'!E:F,2,FALSE) | J91: Emissions | K91: wastewater emissions | L91: reactive | M91: N2O | N91: nan | O91: 0.2 | P91: 2025 | Q91: no data | R91: not done | S91: text | T91: Norway | U91: N wasted | V91: =(O79*N79)^2
B92: PR.WW-AT.AT | C92: PR.WW-AT.AT-Emissions-N2 | D92: PR | E92: WW | F92: =VLOOKUP(E92,'5.a Definitions'!E:F,2,FALSE) | G92: AT | H92: AT | I92: =VLOOKUP(H92,'5.a Definitions'!E:F,2,FALSE) | J92: Emissions | K92: wastewater emissions | L92: inert | M92: N2 | N92: 3.3210825 | O92: 0.39891444 | P92: 2025 | Q92: treatment plant reports (norskeutslipp.no / veas.nu) | R92: ok | S92: text | T92: Norway | U92: N wasted | V92: =(O80*N80)^2
B93: PR.WW-HY.CW | C93: PR.WW-HY.CW-Treated wastewater discharge-Nmix | D93: PR | E93: WW | F93: =VLOOKUP(E93,'5.a Definitions'!E:F,2,FALSE) | G93: HY | H93: CW | I93: =VLOOKUP(H93,'5.a Definitions'!E:F,2,FALSE) | J93: Treated wastewater discharge | K93: treated wastewater to coastal water | L93: reactive | M93: Nmix | N93: nan | O93: 0.2 | P93: 2025 | Q93: no data | R93: not done | S93: text | T93: Norway | U93: N wasted | V93: =(#REF!*#REF!)^2
A94: Humans and Settlements | B94: HS.HS-PR.SO | C94: HS.HS-PR.SO-Household waste-Nmix | D94: HS | E94: HS | F94: =VLOOKUP(E94,'5.a Definitions'!E:F,2,FALSE) | G94: PR | H94: SO | I94: =VLOOKUP(H94,'5.a Definitions'!E:F,2,FALSE) | J94: Household waste | K94: household waste | L94: reactive | M94: Nmix | N94: nan | O94: 0.2 | P94: 2025 | Q94: no data | R94: not done | S94: text | T94: Norway | U94: N wasted | V94: =(#REF!*#REF!)^2
B95: HS.HS-PR.WW | C95: HS.HS-PR.WW-Municipal wastewater-Nmix | D95: HS | E95: HS | F95: =VLOOKUP(E95,'5.a Definitions'!E:F,2,FALSE) | G95: PR | H95: WW | I95: =VLOOKUP(H95,'5.a Definitions'!E:F,2,FALSE) | J95: Municipal wastewater | K95: municipal wastewater | L95: reactive | M95: Nmix | N95: 25.51019 | O95: 0.10187216 | P95: 2025 | Q95: SSB table 06913 | R95: ok | S95: text | T95: Norway | U95: N wasted | V95: =(#REF!*#REF!)^2
B96: HS.HS-AT.AT | C96: HS.HS-AT.AT-Emissions-NH3 | D96: HS | E96: HS | F96: =VLOOKUP(E96,'5.a Definitions'!E:F,2,FALSE) | G96: AT | H96: AT | I96: =VLOOKUP(H96,'5.a Definitions'!E:F,2,FALSE) | J96: Emissions | K96: human NH3 emissions | L96: reactive | M96: NH3 | N96: 0.10364454 | O96: 0.18365633 | P96: 2025 | Q96: SSB table 07459 & 05307 | R96: ok | S96: text | T96: Norway | U96: N wasted | V96: =(#REF!*#REF!)^2
B97: HS.HS-AT.AT | C97: HS.HS-AT.AT-LUC emissions-NH3 | D97: HS | E97: HS | F97: =VLOOKUP(E97,'5.a Definitions'!E:F,2,FALSE) | G97: AT | H97: AT | I97: =VLOOKUP(H97,'5.a Definitions'!E:F,2,FALSE) | J97: LUC emissions | K97: LUC emissions | L97: reactive | M97: NH3 | N97: nan | O97: 0.2 | P97: 2025 | Q97: no data | R97: not done | S97: text | T97: Norway | U97: N wasted | V97: =(#REF!*#REF!)^2
B98: HS.HS-AT.AT | C98: HS.HS-AT.AT-LUC emissions-NOx | D98: HS | E98: HS | F98: =VLOOKUP(E98,'5.a Definitions'!E:F,2,FALSE) | G98: AT | H98: AT | I98: =VLOOKUP(H98,'5.a Definitions'!E:F,2,FALSE) | J98: LUC emissions | K98: LUC emissions | L98: reactive | M98: NOx | N98: nan | O98: 0.2 | P98: 2025 | Q98: no data | R98: not done | S98: text | T98: Norway | U98: N wasted | V98: =(O84*N84)^2
B99: HS.HS-AT.AT | C99: HS.HS-AT.AT-LUC emissions-N2O | D99: HS | E99: HS | F99: =VLOOKUP(E99,'5.a Definitions'!E:F,2,FALSE) | G99: AT | H99: AT | I99: =VLOOKUP(H99,'5.a Definitions'!E:F,2,FALSE) | J99: LUC emissions | K99: LUC emissions | L99: reactive | M99: N2O | N99: nan | O99: 0.2 | P99: 2025 | Q99: no data | R99: not done | S99: text | T99: Norway | U99: N wasted | V99: =(O85*N85)^2
B100: HS.HS-HY.SW | C100: HS.HS-HY.SW-Untreated wastewater-Nmix | D100: HS | E100: HS | F100: =VLOOKUP(E100,'5.a Definitions'!E:F,2,FALSE) | G100: HY | H100: SW | I100: =VLOOKUP(H100,'5.a Definitions'!E:F,2,FALSE) | J100: Untreated wastewater | K100: untreated wastewater to groundwater | L100: reactive | M100: Nmix | N100: 0 | O100: 10 | P100: 2025 | Q100: neglected | R100: ok | S100: text | T100: Norway | U100: N wasted | V100: =(O86*N86)^2
...

Sheet 2b. Database Stock changes
B1: Flow | C1: Flow Code | D1: Pool-Out | E1: Subpool-Out | F1: Subpool-Out description | G1: Pool-In | H1: Subpool-In | I1: Subpool-In description | J1: Flow name | K1: STAN Flow name | L1: reactive/inactive | M1: Species | N1: Value | O1: Uncertainty | P1: Year | Q1: Data sources | R1: Comment | S1: Deviation from Guidance Document and justification | T1: Country | U1: Flow type
D2: - | E2: - | G2: - | H2: - | N2: kt N | O2: % | P2: - | Q2: text | R2: text | S2: text | T2: Country | U2: overViewType | V2: Uncertainty contribution
A3: Energy and fuels | B3: =D3&"."&E3&"-"&G3&"."&H3 | C3: =B3&"-"&J3&"-"&M3 | D3: EF | E3: EC | F3: =VLOOKUP(E3,'5.a Definitions'!E:F,2,FALSE) | G3: EF | H3: EC | I3: =VLOOKUP(H3,'5.a Definitions'!E:F,2,FALSE) | J3: Stock change | K3: =J3 | L3: reactive | M3: Nmix | N3: 1 | O3: 0.2 | P3: 2018 | Q3: text | R3: text | S3: text | T3: Germany | U3: - | V3: =(O3*N3)^2
B4: =D4&"."&E4&"-"&G4&"."&H4 | C4: =B4&"-"&J4&"-"&M4 | D4: EF | E4: IC | F4: =VLOOKUP(E4,'5.a Definitions'!E:F,2,FALSE) | G4: EF | H4: IC | I4: =VLOOKUP(H4,'5.a Definitions'!E:F,2,FALSE) | J4: Stock change | K4: =J4 | L4: reactive | M4: Nmix | N4: 1 | O4: 0.2 | P4: 2018 | Q4: text | R4: text | S4: text | T4: Germany | U4: - | V4: =(O4*N4)^2
B5: =D5&"."&E5&"-"&G5&"."&H5 | C5: =B5&"-"&J5&"-"&M5 | D5: EF | E5: TR | F5: =VLOOKUP(E5,'5.a Definitions'!E:F,2,FALSE) | G5: EF | H5: TR | I5: =VLOOKUP(H5,'5.a Definitions'!E:F,2,FALSE) | J5: Stock change | K5: =J5 | L5: reactive | M5: Nmix | N5: 1 | O5: 0.2 | P5: 2018 | Q5: text | R5: text | S5: text | T5: Germany | U5: - | V5: =(O5*N5)^2
B6: =D6&"."&E6&"-"&G6&"."&H6 | C6: =B6&"-"&J6&"-"&M6 | D6: EF | E6: OE | F6: =VLOOKUP(E6,'5.a Definitions'!E:F,2,FALSE) | G6: EF | H6: OE | I6: =VLOOKUP(H6,'5.a Definitions'!E:F,2,FALSE) | J6: Stock change | K6: =J6 | L6: reactive | M6: Nmix | N6: 1 | O6: 0.2 | P6: 2018 | Q6: text | R6: text | S6: text | T6: Germany | U6: - | V6: =(O6*N6)^2
A7: Materials and products | B7: =D7&"."&E7&"-"&G7&"."&H7 | C7: =B7&"-"&J7&"-"&M7 | D7: MP | E7: FP | F7: =VLOOKUP(E7,'5.a Definitions'!E:F,2,FALSE) | G7: MP | H7: FP | I7: =VLOOKUP(H7,'5.a Definitions'!E:F,2,FALSE) | J7: Stock change | K7: =J7 | L7: reactive | M7: Nmix | N7: 1 | O7: 0.2 | P7: 2018 | Q7: text | R7: text | S7: text | T7: Germany | U7: - | V7: =(O7*N7)^2
B8: =D8&"."&E8&"-"&G8&"."&H8 | C8: =B8&"-"&J8&"-"&M8 | D8: MP | E8: OP | F8: =VLOOKUP(E8,'5.a Definitions'!E:F,2,FALSE) | G8: MP | H8: OP | I8: =VLOOKUP(H8,'5.a Definitions'!E:F,2,FALSE) | J8: Stock change | K8: =J8 | L8: reactive | M8: Nmix | N8: 1 | O8: 0.2 | P8: 2018 | Q8: text | R8: text | S8: text | T8: Germany | U8: - | V8: =(O8*N8)^2
A9: Agriculture | B9: =D9&"."&E9&"-"&G9&"."&H9 | C9: =B9&"-"&J9&"-"&M9 | D9: AG | E9: MM | F9: =VLOOKUP(E9,'5.a Definitions'!E:F,2,FALSE) | G9: AG | H9: MM | I9: =VLOOKUP(H9,'5.a Definitions'!E:F,2,FALSE) | J9: Stock change | K9: =J9 | L9: reactive | M9: Nmix | N9: 1 | O9: 0.2 | P9: 2018 | Q9: text | R9: text | S9: text | T9: Germany | U9: - | V9: =(O9*N9)^2
B10: =D10&"."&E10&"-"&G10&"."&H10 | C10: =B10&"-"&J10&"-"&M10 | D10: AG | E10: SM | F10: =VLOOKUP(E10,'5.a Definitions'!E:F,2,FALSE) | G10: AG | H10: SM | I10: =VLOOKUP(H10,'5.a Definitions'!E:F,2,FALSE) | J10: Stock change | K10: =J10 | L10: reactive | M10: Nmix | N10: 1 | O10: 0.2 | P10: 2018 | Q10: text | R10: text | S10: text | T10: Germany | U10: - | V10: =(O10*N10)^2
B11: =D11&"."&E11&"-"&G11&"."&H11 | C11: =B11&"-"&J11&"-"&M11 | D11: AG | E11: BC | F11: =VLOOKUP(E11,'5.a Definitions'!E:F,2,FALSE) | G11: AG | H11: BC | I11: =VLOOKUP(H11,'5.a Definitions'!E:F,2,FALSE) | J11: Stock change | K11: =J11 | L11: reactive | M11: Nmix | N11: 1 | O11: 0.2 | P11: 2018 | Q11: text | R11: text | S11: text | T11: Germany | U11: - | V11: =(O11*N11)^2
A12: Forests and Semi-natural vegetation | B12: =D12&"."&E12&"-"&G12&"."&H12 | C12: =B12&"-"&J12&"-"&M12 | D12: FS | E12: FO | F12: =VLOOKUP(E12,'5.a Definitions'!E:F,2,FALSE) | G12: FS | H12: FO | I12: =VLOOKUP(H12,'5.a Definitions'!E:F,2,FALSE) | J12: Stock change | K12: =J12 | L12: reactive | M12: Nmix | N12: 1 | O12: 0.2 | P12: 2018 | Q12: text | R12: text | S12: text | T12: Germany | U12: - | V12: =(O12*N12)^2
B13: =D13&"."&E13&"-"&G13&"."&H13 | C13: =B13&"-"&J13&"-"&M13 | D13: FS | E13: OL | F13: =VLOOKUP(E13,'5.a Definitions'!E:F,2,FALSE) | G13: FS | H13: OL | I13: =VLOOKUP(H13,'5.a Definitions'!E:F,2,FALSE) | J13: Stock change | K13: =J13 | L13: reactive | M13: Nmix | N13: 1 | O13: 0.2 | P13: 2018 | Q13: text | R13: text | S13: text | T13: Germany | U13: - | V13: =(O13*N13)^2
B14: =D14&"."&E14&"-"&G14&"."&H14 | C14: =B14&"-"&J14&"-"&M14 | D14: FS | E14: WL | F14: =VLOOKUP(E14,'5.a Definitions'!E:F,2,FALSE) | G14: FS | H14: WL | I14: =VLOOKUP(H14,'5.a Definitions'!E:F,2,FALSE) | J14: Stock change | K14: =J14 | L14: reactive | M14: Nmix | N14: 1 | O14: 0.2 | P14: 2018 | Q14: text | R14: text | S14: text | T14: Germany | U14: - | V14: =(O14*N14)^2
A15: Processing of residues | B15: =D15&"."&E15&"-"&G15&"."&H15 | C15: =B15&"-"&J15&"-"&M15 | D15: PR | E15: SO | F15: =VLOOKUP(E15,'5.a Definitions'!E:F,2,FALSE) | G15: PR | H15: SO | I15: =VLOOKUP(H15,'5.a Definitions'!E:F,2,FALSE) | J15: Stock change | K15: =J15 | L15: reactive | M15: Nmix | N15: 1 | O15: 0.2 | P15: 2018 | Q15: text | R15: text | S15: text | T15: Germany | U15: - | V15: =(O15*N15)^2
B16: =D16&"."&E16&"-"&G16&"."&H16 | C16: =B16&"-"&J16&"-"&M16 | D16: PR | E16: WW | F16: =VLOOKUP(E16,'5.a Definitions'!E:F,2,FALSE) | G16: PR | H16: WW | I16: =VLOOKUP(H16,'5.a Definitions'!E:F,2,FALSE) | J16: Stock change | K16: =J16 | L16: reactive | M16: Nmix | N16: 1 | O16: 0.2 | P16: 2018 | Q16: text | R16: text | S16: text | T16: Germany | U16: - | V16: =(O16*N16)^2
A17: Humans and settlements | B17: =D17&"."&E17&"-"&G17&"."&H17 | C17: =B17&"-"&J17&"-"&M17 | D17: HS | E17: HS | F17: =VLOOKUP(E17,'5.a Definitions'!E:F,2,FALSE) | G17: HS | H17: HS | I17: =VLOOKUP(H17,'5.a Definitions'!E:F,2,FALSE) | J17: Stock change | K17: =J17 | L17: reactive | M17: Nmix | N17: 1 | O17: 0.2 | P17: 2018 | Q17: text | R17: text | S17: text | T17: Germany | U17: - | V17: =(O17*N17)^2
A18: Atmosphere | B18: =D18&"."&E18&"-"&G18&"."&H18 | C18: =B18&"-"&J18&"-"&M18 | D18: AT | E18: AT | F18: =VLOOKUP(E18,'5.a Definitions'!E:F,2,FALSE) | G18: AT | H18: AT | I18: =VLOOKUP(H18,'5.a Definitions'!E:F,2,FALSE) | J18: Stock change | K18: =J18 | L18: reactive | M18: Nmix | N18: 1 | O18: 0.2 | P18: 2018 | Q18: text | R18: text | S18: text | T18: Germany | U18: - | V18: =(O18*N18)^2
B19: =D19&"."&E19&"-"&G19&"."&H19 | C19: =B19&"-"&J19&"-"&M19 | D19: AT | E19: AT | F19: =VLOOKUP(E19,'5.a Definitions'!E:F,2,FALSE) | G19: AT | H19: AT | I19: =VLOOKUP(H19,'5.a Definitions'!E:F,2,FALSE) | J19: Stock change | K19: =J19 | L19: reactive | M19: Nmix | N19: 1 | O19: 0.2 | P19: 2018 | Q19: text | R19: text | S19: text | T19: Germany | U19: - | V19: =(O19*N19)^2
A20: Hydrosphere | B20: =D20&"."&E20&"-"&G20&"."&H20 | C20: =B20&"-"&J20&"-"&M20 | D20: HY | E20: GW | F20: =VLOOKUP(E20,'5.a Definitions'!E:F,2,FALSE) | G20: HY | H20: GW | I20: =VLOOKUP(H20,'5.a Definitions'!E:F,2,FALSE) | J20: Stock change | K20: =J20 | L20: reactive | M20: Nmix | N20: 1 | O20: 0.2 | P20: 2018 | Q20: text | R20: text | S20: text | T20: Germany | U20: - | V20: =(O20*N20)^2
B21: =D21&"."&E21&"-"&G21&"."&H21 | C21: =B21&"-"&J21&"-"&M21 | D21: HY | E21: SW | F21: =VLOOKUP(E21,'5.a Definitions'!E:F,2,FALSE) | G21: HY | H21: SW | I21: =VLOOKUP(H21,'5.a Definitions'!E:F,2,FALSE) | J21: Stock change | K21: =J21 | L21: reactive | M21: Nmix | N21: 1 | O21: 0.2 | P21: 2018 | Q21: text | R21: text | S21: text | T21: Germany | U21: - | V21: =(O21*N21)^2
B22: =D22&"."&E22&"-"&G22&"."&H22 | C22: =B22&"-"&J22&"-"&M22 | D22: HY | E22: CW | F22: =VLOOKUP(E22,'5.a Definitions'!E:F,2,FALSE) | G22: HY | H22: CW | I22: =VLOOKUP(H22,'5.a Definitions'!E:F,2,FALSE) | J22: Stock change | K22: =J22 | L22: reactive | M22: Nmix | N22: 1 | O22: 0.2 | P22: 2018 | Q22: text | R22: text | S22: text | T22: Germany | U22: - | V22: =(O22*N22)^2
B23: =D23&"."&E23&"-"&G23&"."&H23 | C23: =B23&"-"&J23&"-"&M23 | D23: HY | E23: AC | F23: =VLOOKUP(E23,'5.a Definitions'!E:F,2,FALSE) | G23: HY | H23: AC | I23: =VLOOKUP(H23,'5.a Definitions'!E:F,2,FALSE) | J23: Stock change | K23: =J23 | L23: reactive | M23: Nmix | N23: 1 | O23: 0.2 | P23: 2018 | Q23: text | R23: text | S23: text | T23: Germany | U23: - | V23: =(O23*N23)^2
A25: Energy and fuels | B25: =D25&"."&E25&"-"&G25&"."&H25 | C25: =B25&"-"&J25&"-"&M25 | D25: EF | E25: EC | F25: =VLOOKUP(E25,'5.a Definitions'!E:F,2,FALSE) | G25: EF | H25: EC | I25: =VLOOKUP(H25,'5.a Definitions'!E:F,2,FALSE) | J25: Stock change | K25: =J25 | L25: reactive | M25: Nmix | N25: 1 | O25: 0.2 | P25: 2020 | Q25: text | R25: text | S25: text | T25: Germany | U25: - | V25: =(O25*N25)^2
B26: =D26&"."&E26&"-"&G26&"."&H26 | C26: =B26&"-"&J26&"-"&M26 | D26: EF | E26: IC | F26: =VLOOKUP(E26,'5.a Definitions'!E:F,2,FALSE) | G26: EF | H26: IC | I26: =VLOOKUP(H26,'5.a Definitions'!E:F,2,FALSE) | J26: Stock change | K26: =J26 | L26: reactive | M26: Nmix | N26: 1 | O26: 0.2 | P26: 2020 | Q26: text | R26: text | S26: text | T26: Germany | U26: - | V26: =(O26*N26)^2
B27: =D27&"."&E27&"-"&G27&"."&H27 | C27: =B27&"-"&J27&"-"&M27 | D27: EF | E27: TR | F27: =VLOOKUP(E27,'5.a Definitions'!E:F,2,FALSE) | G27: EF | H27: TR | I27: =VLOOKUP(H27,'5.a Definitions'!E:F,2,FALSE) | J27: Stock change | K27: =J27 | L27: reactive | M27: Nmix | N27: 1 | O27: 0.2 | P27: 2020 | Q27: text | R27: text | S27: text | T27: Germany | U27: - | V27: =(O27*N27)^2
B28: =D28&"."&E28&"-"&G28&"."&H28 | C28: =B28&"-"&J28&"-"&M28 | D28: EF | E28: OE | F28: =VLOOKUP(E28,'5.a Definitions'!E:F,2,FALSE) | G28: EF | H28: OE | I28: =VLOOKUP(H28,'5.a Definitions'!E:F,2,FALSE) | J28: Stock change | K28: =J28 | L28: reactive | M28: Nmix | N28: 1 | O28: 0.2 | P28: 2020 | Q28: text | R28: text | S28: text | T28: Germany | U28: - | V28: =(O28*N28)^2
A29: Materials and products | B29: =D29&"."&E29&"-"&G29&"."&H29 | C29: =B29&"-"&J29&"-"&M29 | D29: MP | E29: FP | F29: =VLOOKUP(E29,'5.a Definitions'!E:F,2,FALSE) | G29: MP | H29: FP | I29: =VLOOKUP(H29,'5.a Definitions'!E:F,2,FALSE) | J29: Stock change | K29: =J29 | L29: reactive | M29: Nmix | N29: 1 | O29: 0.2 | P29: 2020 | Q29: text | R29: text | S29: text | T29: Germany | U29: - | V29: =(O29*N29)^2
B30: =D30&"."&E30&"-"&G30&"."&H30 | C30: =B30&"-"&J30&"-"&M30 | D30: MP | E30: OP | F30: =VLOOKUP(E30,'5.a Definitions'!E:F,2,FALSE) | G30: MP | H30: OP | I30: =VLOOKUP(H30,'5.a Definitions'!E:F,2,FALSE) | J30: Stock change | K30: =J30 | L30: reactive | M30: Nmix | N30: 1 | O30: 0.2 | P30: 2020 | Q30: text | R30: text | S30: text | T30: Germany | U30: - | V30: =(O30*N30)^2
A31: Agriculture | B31: =D31&"."&E31&"-"&G31&"."&H31 | C31: =B31&"-"&J31&"-"&M31 | D31: AG | E31: MM | F31: =VLOOKUP(E31,'5.a Definitions'!E:F,2,FALSE) | G31: AG | H31: MM | I31: =VLOOKUP(H31,'5.a Definitions'!E:F,2,FALSE) | J31: Stock change | K31: =J31 | L31: reactive | M31: Nmix | N31: 1 | O31: 0.2 | P31: 2020 | Q31: text | R31: text | S31: text | T31: Germany | U31: - | V31: =(O31*N31)^2
B32: =D32&"."&E32&"-"&G32&"."&H32 | C32: =B32&"-"&J32&"-"&M32 | D32: AG | E32: SM | F32: =VLOOKUP(E32,'5.a Definitions'!E:F,2,FALSE) | G32: AG | H32: SM | I32: =VLOOKUP(H32,'5.a Definitions'!E:F,2,FALSE) | J32: Stock change | K32: =J32 | L32: reactive | M32: Nmix | N32: 1 | O32: 0.2 | P32: 2020 | Q32: text | R32: text | S32: text | T32: Germany | U32: - | V32: =(O32*N32)^2
B33: =D33&"."&E33&"-"&G33&"."&H33 | C33: =B33&"-"&J33&"-"&M33 | D33: AG | E33: BC | F33: =VLOOKUP(E33,'5.a Definitions'!E:F,2,FALSE) | G33: AG | H33: BC | I33: =VLOOKUP(H33,'5.a Definitions'!E:F,2,FALSE) | J33: Stock change | K33: =J33 | L33: reactive | M33: Nmix | N33: 1 | O33: 0.2 | P33: 2020 | Q33: text | R33: text | S33: text | T33: Germany | U33: - | V33: =(O33*N33)^2
A34: Forests and Semi-natural vegetation | B34: =D34&"."&E34&"-"&G34&"."&H34 | C34: =B34&"-"&J34&"-"&M34 | D34: FS | E34: FO | F34: =VLOOKUP(E34,'5.a Definitions'!E:F,2,FALSE) | G34: FS | H34: FO | I34: =VLOOKUP(H34,'5.a Definitions'!E:F,2,FALSE) | J34: Stock change | K34: =J34 | L34: reactive | M34: Nmix | N34: 1 | O34: 0.2 | P34: 2020 | Q34: text | R34: text | S34: text | T34: Germany | U34: - | V34: =(O34*N34)^2
B35: =D35&"."&E35&"-"&G35&"."&H35 | C35: =B35&"-"&J35&"-"&M35 | D35: FS | E35: OL | F35: =VLOOKUP(E35,'5.a Definitions'!E:F,2,FALSE) | G35: FS | H35: OL | I35: =VLOOKUP(H35,'5.a Definitions'!E:F,2,FALSE) | J35: Stock change | K35: =J35 | L35: reactive | M35: Nmix | N35: 1 | O35: 0.2 | P35: 2020 | Q35: text | R35: text | S35: text | T35: Germany | U35: - | V35: =(O35*N35)^2
B36: =D36&"."&E36&"-"&G36&"."&H36 | C36: =B36&"-"&J36&"-"&M36 | D36: FS | E36: WL | F36: =VLOOKUP(E36,'5.a Definitions'!E:F,2,FALSE) | G36: FS | H36: WL | I36: =VLOOKUP(H36,'5.a Definitions'!E:F,2,FALSE) | J36: Stock change | K36: =J36 | L36: reactive | M36: Nmix | N36: 1 | O36: 0.2 | P36: 2020 | Q36: text | R36: text | S36: text | T36: Germany | U36: - | V36: =(O36*N36)^2
A37: Processing of residues | B37: =D37&"."&E37&"-"&G37&"."&H37 | C37: =B37&"-"&J37&"-"&M37 | D37: PR | E37: SO | F37: =VLOOKUP(E37,'5.a Definitions'!E:F,2,FALSE) | G37: PR | H37: SO | I37: =VLOOKUP(H37,'5.a Definitions'!E:F,2,FALSE) | J37: Stock change | K37: =J37 | L37: reactive | M37: Nmix | N37: 1 | O37: 0.2 | P37: 2020 | Q37: text | R37: text | S37: text | T37: Germany | U37: - | V37: =(O37*N37)^2
B38: =D38&"."&E38&"-"&G38&"."&H38 | C38: =B38&"-"&J38&"-"&M38 | D38: PR | E38: WW | F38: =VLOOKUP(E38,'5.a Definitions'!E:F,2,FALSE) | G38: PR | H38: WW | I38: =VLOOKUP(H38,'5.a Definitions'!E:F,2,FALSE) | J38: Stock change | K38: =J38 | L38: reactive | M38: Nmix | N38: 1 | O38: 0.2 | P38: 2020 | Q38: text | R38: text | S38: text | T38: Germany | U38: - | V38: =(O38*N38)^2
A39: Humans and settlements | B39: =D39&"."&E39&"-"&G39&"."&H39 | C39: =B39&"-"&J39&"-"&M39 | D39: HS | E39: HS | F39: =VLOOKUP(E39,'5.a Definitions'!E:F,2,FALSE) | G39: HS | H39: HS | I39: =VLOOKUP(H39,'5.a Definitions'!E:F,2,FALSE) | J39: Stock change | K39: =J39 | L39: reactive | M39: Nmix | N39: 1 | O39: 0.2 | P39: 2020 | Q39: text | R39: text | S39: text | T39: Germany | U39: - | V39: =(O39*N39)^2
A40: Atmosphere | B40: =D40&"."&E40&"-"&G40&"."&H40 | C40: =B40&"-"&J40&"-"&M40 | D40: AT | E40: AT | F40: =VLOOKUP(E40,'5.a Definitions'!E:F,2,FALSE) | G40: AT | H40: AT | I40: =VLOOKUP(H40,'5.a Definitions'!E:F,2,FALSE) | J40: Stock change | K40: =J40 | L40: reactive | M40: Nmix | N40: 1 | O40: 0.2 | P40: 2020 | Q40: text | R40: text | S40: text | T40: Germany | U40: - | V40: =(O40*N40)^2
B41: =D41&"."&E41&"-"&G41&"."&H41 | C41: =B41&"-"&J41&"-"&M41 | D41: AT | E41: AT | F41: =VLOOKUP(E41,'5.a Definitions'!E:F,2,FALSE) | G41: AT | H41: AT | I41: =VLOOKUP(H41,'5.a Definitions'!E:F,2,FALSE) | J41: Stock change | K41: =J41 | L41: reactive | M41: Nmix | N41: 1 | O41: 0.2 | P41: 2020 | Q41: text | R41: text | S41: text | T41: Germany | U41: - | V41: =(O41*N41)^2
A42: Hydrosphere | B42: =D42&"."&E42&"-"&G42&"."&H42 | C42: =B42&"-"&J42&"-"&M42 | D42: HY | E42: GW | F42: =VLOOKUP(E42,'5.a Definitions'!E:F,2,FALSE) | G42: HY | H42: GW | I42: =VLOOKUP(H42,'5.a Definitions'!E:F,2,FALSE) | J42: Stock change | K42: =J42 | L42: reactive | M42: Nmix | N42: 1 | O42: 0.2 | P42: 2020 | Q42: text | R42: text | S42: text | T42: Germany | U42: - | V42: =(O42*N42)^2
B43: =D43&"."&E43&"-"&G43&"."&H43 | C43: =B43&"-"&J43&"-"&M43 | D43: HY | E43: SW | F43: =VLOOKUP(E43,'5.a Definitions'!E:F,2,FALSE) | G43: HY | H43: SW | I43: =VLOOKUP(H43,'5.a Definitions'!E:F,2,FALSE) | J43: Stock change | K43: =J43 | L43: reactive | M43: Nmix | N43: 1 | O43: 0.2 | P43: 2020 | Q43: text | R43: text | S43: text | T43: Germany | U43: - | V43: =(O43*N43)^2
B44: =D44&"."&E44&"-"&G44&"."&H44 | C44: =B44&"-"&J44&"-"&M44 | D44: HY | E44: CW | F44: =VLOOKUP(E44,'5.a Definitions'!E:F,2,FALSE) | G44: HY | H44: CW | I44: =VLOOKUP(H44,'5.a Definitions'!E:F,2,FALSE) | J44: Stock change | K44: =J44 | L44: reactive | M44: Nmix | N44: 1 | O44: 0.2 | P44: 2020 | Q44: text | R44: text | S44: text | T44: Germany | U44: - | V44: =(O44*N44)^2
B45: =D45&"."&E45&"-"&G45&"."&H45 | C45: =B45&"-"&J45&"-"&M45 | D45: HY | E45: AC | F45: =VLOOKUP(E45,'5.a Definitions'!E:F,2,FALSE) | G45: HY | H45: AC | I45: =VLOOKUP(H45,'5.a Definitions'!E:F,2,FALSE) | J45: Stock change | K45: =J45 | L45: reactive | M45: Nmix | N45: 1 | O45: 0.2 | P45: 2020 | Q45: text | R45: text | S45: text | T45: Germany | U45: - | V45: =(O45*N45)^2
A47: Energy and fuels | B47: =D47&"."&E47&"-"&G47&"."&H47 | C47: =B47&"-"&J47&"-"&M47 | D47: EF | E47: EC | F47: =VLOOKUP(E47,'5.a Definitions'!E:F,2,FALSE) | G47: EF | H47: EC | I47: =VLOOKUP(H47,'5.a Definitions'!E:F,2,FALSE) | J47: Stock change | K47: =J47 | L47: reactive | M47: Nmix | N47: 1 | O47: 0.2 | P47: 2020 | Q47: text | R47: text | S47: text | T47: Germany | U47: - | V47: =(O47*N47)^2
B48: =D48&"."&E48&"-"&G48&"."&H48 | C48: =B48&"-"&J48&"-"&M48 | D48: EF | E48: IC | F48: =VLOOKUP(E48,'5.a Definitions'!E:F,2,FALSE) | G48: EF | H48: IC | I48: =VLOOKUP(H48,'5.a Definitions'!E:F,2,FALSE) | J48: Stock change | K48: =J48 | L48: reactive | M48: Nmix | N48: 1 | O48: 0.2 | P48: 2020 | Q48: text | R48: text | S48: text | T48: Germany | U48: - | V48: =(O48*N48)^2
B49: =D49&"."&E49&"-"&G49&"."&H49 | C49: =B49&"-"&J49&"-"&M49 | D49: EF | E49: TR | F49: =VLOOKUP(E49,'5.a Definitions'!E:F,2,FALSE) | G49: EF | H49: TR | I49: =VLOOKUP(H49,'5.a Definitions'!E:F,2,FALSE) | J49: Stock change | K49: =J49 | L49: reactive | M49: Nmix | N49: 1 | O49: 0.2 | P49: 2020 | Q49: text | R49: text | S49: text | T49: Germany | U49: - | V49: =(O49*N49)^2
B50: =D50&"."&E50&"-"&G50&"."&H50 | C50: =B50&"-"&J50&"-"&M50 | D50: EF | E50: OE | F50: =VLOOKUP(E50,'5.a Definitions'!E:F,2,FALSE) | G50: EF | H50: OE | I50: =VLOOKUP(H50,'5.a Definitions'!E:F,2,FALSE) | J50: Stock change | K50: =J50 | L50: reactive | M50: Nmix | N50: 1 | O50: 0.2 | P50: 2020 | Q50: text | R50: text | S50: text | T50: Germany | U50: - | V50: =(O50*N50)^2
A51: Materials and products | B51: =D51&"."&E51&"-"&G51&"."&H51 | C51: =B51&"-"&J51&"-"&M51 | D51: MP | E51: FP | F51: =VLOOKUP(E51,'5.a Definitions'!E:F,2,FALSE) | G51: MP | H51: FP | I51: =VLOOKUP(H51,'5.a Definitions'!E:F,2,FALSE) | J51: Stock change | K51: =J51 | L51: reactive | M51: Nmix | N51: 1 | O51: 0.2 | P51: 2020 | Q51: text | R51: text | S51: text | T51: Germany | U51: - | V51: =(O51*N51)^2
B52: =D52&"."&E52&"-"&G52&"."&H52 | C52: =B52&"-"&J52&"-"&M52 | D52: MP | E52: OP | F52: =VLOOKUP(E52,'5.a Definitions'!E:F,2,FALSE) | G52: MP | H52: OP | I52: =VLOOKUP(H52,'5.a Definitions'!E:F,2,FALSE) | J52: Stock change | K52: =J52 | L52: reactive | M52: Nmix | N52: 1 | O52: 0.2 | P52: 2020 | Q52: text | R52: text | S52: text | T52: Germany | U52: - | V52: =(O52*N52)^2
A53: Agriculture | B53: =D53&"."&E53&"-"&G53&"."&H53 | C53: =B53&"-"&J53&"-"&M53 | D53: AG | E53: MM | F53: =VLOOKUP(E53,'5.a Definitions'!E:F,2,FALSE) | G53: AG | H53: MM | I53: =VLOOKUP(H53,'5.a Definitions'!E:F,2,FALSE) | J53: Stock change | K53: =J53 | L53: reactive | M53: Nmix | N53: 1 | O53: 0.2 | P53: 2020 | Q53: text | R53: text | S53: text | T53: Germany | U53: - | V53: =(O53*N53)^2
B54: =D54&"."&E54&"-"&G54&"."&H54 | C54: =B54&"-"&J54&"-"&M54 | D54: AG | E54: SM | F54: =VLOOKUP(E54,'5.a Definitions'!E:F,2,FALSE) | G54: AG | H54: SM | I54: =VLOOKUP(H54,'5.a Definitions'!E:F,2,FALSE) | J54: Stock change | K54: =J54 | L54: reactive | M54: Nmix | N54: 1 | O54: 0.2 | P54: 2020 | Q54: text | R54: text | S54: text | T54: Germany | U54: - | V54: =(O54*N54)^2
B55: =D55&"."&E55&"-"&G55&"."&H55 | C55: =B55&"-"&J55&"-"&M55 | D55: AG | E55: BC | F55: =VLOOKUP(E55,'5.a Definitions'!E:F,2,FALSE) | G55: AG | H55: BC | I55: =VLOOKUP(H55,'5.a Definitions'!E:F,2,FALSE) | J55: Stock change | K55: =J55 | L55: reactive | M55: Nmix | N55: 1 | O55: 0.2 | P55: 2020 | Q55: text | R55: text | S55: text | T55: Germany | U55: - | V55: =(O55*N55)^2
A56: Forests and Semi-natural vegetation | B56: =D56&"."&E56&"-"&G56&"."&H56 | C56: =B56&"-"&J56&"-"&M56 | D56: FS | E56: FO | F56: =VLOOKUP(E56,'5.a Definitions'!E:F,2,FALSE) | G56: FS | H56: FO | I56: =VLOOKUP(H56,'5.a Definitions'!E:F,2,FALSE) | J56: Stock change | K56: =J56 | L56: reactive | M56: Nmix | N56: 1 | O56: 0.2 | P56: 2020 | Q56: text | R56: text | S56: text | T56: Germany | U56: - | V56: =(O56*N56)^2
B57: =D57&"."&E57&"-"&G57&"."&H57 | C57: =B57&"-"&J57&"-"&M57 | D57: FS | E57: OL | F57: =VLOOKUP(E57,'5.a Definitions'!E:F,2,FALSE) | G57: FS | H57: OL | I57: =VLOOKUP(H57,'5.a Definitions'!E:F,2,FALSE) | J57: Stock change | K57: =J57 | L57: reactive | M57: Nmix | N57: 1 | O57: 0.2 | P57: 2020 | Q57: text | R57: text | S57: text | T57: Germany | U57: - | V57: =(O57*N57)^2
B58: =D58&"."&E58&"-"&G58&"."&H58 | C58: =B58&"-"&J58&"-"&M58 | D58: FS | E58: WL | F58: =VLOOKUP(E58,'5.a Definitions'!E:F,2,FALSE) | G58: FS | H58: WL | I58: =VLOOKUP(H58,'5.a Definitions'!E:F,2,FALSE) | J58: Stock change | K58: =J58 | L58: reactive | M58: Nmix | N58: 1 | O58: 0.2 | P58: 2020 | Q58: text | R58: text | S58: text | T58: Germany | U58: - | V58: =(O58*N58)^2
A59: Processing of residues | B59: =D59&"."&E59&"-"&G59&"."&H59 | C59: =B59&"-"&J59&"-"&M59 | D59: PR | E59: SO | F59: =VLOOKUP(E59,'5.a Definitions'!E:F,2,FALSE) | G59: PR | H59: SO | I59: =VLOOKUP(H59,'5.a Definitions'!E:F,2,FALSE) | J59: Stock change | K59: =J59 | L59: reactive | M59: Nmix | N59: 1 | O59: 0.2 | P59: 2020 | Q59: text | R59: text | S59: text | T59: Germany | U59: - | V59: =(O59*N59)^2
B60: =D60&"."&E60&"-"&G60&"."&H60 | C60: =B60&"-"&J60&"-"&M60 | D60: PR | E60: WW | F60: =VLOOKUP(E60,'5.a Definitions'!E:F,2,FALSE) | G60: PR | H60: WW | I60: =VLOOKUP(H60,'5.a Definitions'!E:F,2,FALSE) | J60: Stock change | K60: =J60 | L60: reactive | M60: Nmix | N60: 1 | O60: 0.2 | P60: 2020 | Q60: text | R60: text | S60: text | T60: Germany | U60: - | V60: =(O60*N60)^2
A61: Humans and settlements | B61: =D61&"."&E61&"-"&G61&"."&H61 | C61: =B61&"-"&J61&"-"&M61 | D61: HS | E61: HS | F61: =VLOOKUP(E61,'5.a Definitions'!E:F,2,FALSE) | G61: HS | H61: HS | I61: =VLOOKUP(H61,'5.a Definitions'!E:F,2,FALSE) | J61: Stock change | K61: =J61 | L61: reactive | M61: Nmix | N61: 1 | O61: 0.2 | P61: 2020 | Q61: text | R61: text | S61: text | T61: Germany | U61: - | V61: =(O61*N61)^2
A62: Atmosphere | B62: =D62&"."&E62&"-"&G62&"."&H62 | C62: =B62&"-"&J62&"-"&M62 | D62: AT | E62: AT | F62: =VLOOKUP(E62,'5.a Definitions'!E:F,2,FALSE) | G62: AT | H62: AT | I62: =VLOOKUP(H62,'5.a Definitions'!E:F,2,FALSE) | J62: Stock change | K62: =J62 | L62: reactive | M62: Nmix | N62: 1 | O62: 0.2 | P62: 2020 | Q62: text | R62: text | S62: text | T62: Germany | U62: - | V62: =(O62*N62)^2
B63: =D63&"."&E63&"-"&G63&"."&H63 | C63: =B63&"-"&J63&"-"&M63 | D63: AT | E63: AT | F63: =VLOOKUP(E63,'5.a Definitions'!E:F,2,FALSE) | G63: AT | H63: AT | I63: =VLOOKUP(H63,'5.a Definitions'!E:F,2,FALSE) | J63: Stock change | K63: =J63 | L63: reactive | M63: Nmix | N63: 1 | O63: 0.2 | P63: 2020 | Q63: text | R63: text | S63: text | T63: Germany | U63: - | V63: =(O63*N63)^2
A64: Hydrosphere | B64: =D64&"."&E64&"-"&G64&"."&H64 | C64: =B64&"-"&J64&"-"&M64 | D64: HY | E64: GW | F64: =VLOOKUP(E64,'5.a Definitions'!E:F,2,FALSE) | G64: HY | H64: GW | I64: =VLOOKUP(H64,'5.a Definitions'!E:F,2,FALSE) | J64: Stock change | K64: =J64 | L64: reactive | M64: Nmix | N64: 1 | O64: 0.2 | P64: 2020 | Q64: text | R64: text | S64: text | T64: Germany | U64: - | V64: =(O64*N64)^2
B65: =D65&"."&E65&"-"&G65&"."&H65 | C65: =B65&"-"&J65&"-"&M65 | D65: HY | E65: SW | F65: =VLOOKUP(E65,'5.a Definitions'!E:F,2,FALSE) | G65: HY | H65: SW | I65: =VLOOKUP(H65,'5.a Definitions'!E:F,2,FALSE) | J65: Stock change | K65: =J65 | L65: reactive | M65: Nmix | N65: 1 | O65: 0.2 | P65: 2020 | Q65: text | R65: text | S65: text | T65: Germany | U65: - | V65: =(O65*N65)^2
B66: =D66&"."&E66&"-"&G66&"."&H66 | C66: =B66&"-"&J66&"-"&M66 | D66: HY | E66: CW | F66: =VLOOKUP(E66,'5.a Definitions'!E:F,2,FALSE) | G66: HY | H66: CW | I66: =VLOOKUP(H66,'5.a Definitions'!E:F,2,FALSE) | J66: Stock change | K66: =J66 | L66: reactive | M66: Nmix | N66: 1 | O66: 0.2 | P66: 2020 | Q66: text | R66: text | S66: text | T66: Germany | U66: - | V66: =(O66*N66)^2
B67: =D67&"."&E67&"-"&G67&"."&H67 | C67: =B67&"-"&J67&"-"&M67 | D67: HY | E67: AC | F67: =VLOOKUP(E67,'5.a Definitions'!E:F,2,FALSE) | G67: HY | H67: AC | I67: =VLOOKUP(H67,'5.a Definitions'!E:F,2,FALSE) | J67: Stock change | K67: =J67 | L67: reactive | M67: Nmix | N67: 1 | O67: 0.2 | P67: 2020 | Q67: text | R67: text | S67: text | T67: Germany | U67: - | V67: =(O67*N67)^2

Sheet 3.1.a Input Output Matrix
A1: 3a Input and output matrix
A2: Data selection
A3: Year | B3: 2021
A4: N-Species | B4: Ntot
A6: Total inputs and outputs per pool in kt N
A7: The automatic color scheme of the background indicates high input-output values (dark green) and low input-output values (light green)
E9: Pool In
E10: EF | F10: MP | G10: AG | H10: FS | I10: PR | J10: HS | K10: HY | L10: AT | M10: RW | N10: Total kt N
C11: Pool Out | D11: EF | E11: =IF($B$4<>"Ntot",SUMIFS('2a. Database N flows'!$N:$N,'2a. Database N flows'!$D:$D,'3.1.a Input Output Matrix'!$D11,'2a. Database N flows'!$G:$G,'3.1.a Input Output Matrix'!E$10,'2a. Database N flows'!$P:$P,$B$3,'2a. Database N flows'!$M:$M,'3.1.a Input Output Matrix'!$B$4),SUMIFS('2a. Database N flows'!$N:$N,'2a. Database N flows'!$D:$D,'3.1.a Input Output Matrix'!$D11,'2a. Database N flows'!$G:$G,'3.1.a Input Output Matrix'!E$10,'2a. Database N flows'!$P:$P,$B$3)) | F11: =IF($B$4<>"Ntot",SUMIFS('2a. Database N flows'!$N:$N,'2a. Database N flows'!$D:$D,'3.1.a Input Output Matrix'!$D11,'2a. Database N flows'!$G:$G,'3.1.a Input Output Matrix'!F$10,'2a. Database N flows'!$P:$P,$B$3,'2a. Database N flows'!$M:$M,'3.1.a Input Output Matrix'!$B$4),SUMIFS('2a. Database N flows'!$N:$N,'2a. Database N flows'!$D:$D,'3.1.a Input Output Matrix'!$D11,'2a. Database N flows'!$G:$G,'3.1.a Input Output Matrix'!F$10,'2a. Database N flows'!$P:$P,$B$3)) | G11: =IF($B$4<>"Ntot",SUMIFS('2a. Database N flows'!$N:$N,'2a. Database N flows'!$D:$D,'3.1.a Input Output Matrix'!$D11,'2a. Database N flows'!$G:$G,'3.1.a Input Output Matrix'!G$10,'2a. Database N flows'!$P:$P,$B$3,'2a. Database N flows'!$M:$M,'3.1.a Input Output Matrix'!$B$4),SUMIFS('2a. Database N flows'!$N:$N,'2a. Database N flows'!$D:$D,'3.1.a Input Output Matrix'!$D11,'2a. Database N flows'!$G:$G,'3.1.a Input Output Matrix'!G$10,'2a. Database N flows'!$P:$P,$B$3)) | H11: =IF($B$4<>"Ntot",SUMIFS('2a. Database N flows'!$N:$N,'2a. Database N flows'!$D:$D,'3.1.a Input Output Matrix'!$D11,'2a. Database N flows'!$G:$G,'3.1.a Input Output Matrix'!H$10,'2a. Database N flows'!$P:$P,$B$3,'2a. Database N flows'!$M:$M,'3.1.a Input Output Matrix'!$B$4),SUMIFS('2a. Database N flows'!$N:$N,'2a. Database N flows'!$D:$D,'3.1.a Input Output Matrix'!$D11,'2a. Database N flows'!$G:$G,'3.1.a Input Output Matrix'!H$10,'2a. Database N flows'!$P:$P,$B$3)) | I11: =IF($B$4<>"Ntot",SUMIFS('2a. Database N flows'!$N:$N,'2a. Database N flows'!$D:$D,'3.1.a Input Output Matrix'!$D11,'2a. Database N flows'!$G:$G,'3.1.a Input Output Matrix'!I$10,'2a. Database N flows'!$P:$P,$B$3,'2a. Database N flows'!$M:$M,'3.1.a Input Output Matrix'!$B$4),SUMIFS('2a. Database N flows'!$N:$N,'2a. Database N flows'!$D:$D,'3.1.a Input Output Matrix'!$D11,'2a. Database N flows'!$G:$G,'3.1.a Input Output Matrix'!I$10,'2a. Database N flows'!$P:$P,$B$3)) | J11: =IF($B$4<>"Ntot",SUMIFS('2a. Database N flows'!$N:$N,'2a. Database N flows'!$D:$D,'3.1.a Input Output Matrix'!$D11,'2a. Database N flows'!$G:$G,'3.1.a Input Output Matrix'!J$10,'2a. Database N flows'!$P:$P,$B$3,'2a. Database N flows'!$M:$M,'3.1.a Input Output Matrix'!$B$4),SUMIFS('2a. Database N flows'!$N:$N,'2a. Database N flows'!$D:$D,'3.1.a Input Output Matrix'!$D11,'2a. Database N flows'!$G:$G,'3.1.a Input Output Matrix'!J$10,'2a. Database N flows'!$P:$P,$B$3)) | K11: =IF($B$4<>"Ntot",SUMIFS('2a. Database N flows'!$N:$N,'2a. Database N flows'!$D:$D,'3.1.a Input Output Matrix'!$D11,'2a. Database N flows'!$G:$G,'3.1.a Input Output Matrix'!K$10,'2a. Database N flows'!$P:$P,$B$3,'2a. Database N flows'!$M:$M,'3.1.a Input Output Matrix'!$B$4),SUMIFS('2a. Database N flows'!$N:$N,'2a. Database N flows'!$D:$D,'3.1.a Input Output Matrix'!$D11,'2a. Database N flows'!$G:$G,'3.1.a Input Output Matrix'!K$10,'2a. Database N flows'!$P:$P,$B$3)) | L11: =IF($B$4<>"Ntot",SUMIFS('2a. Database N flows'!$N:$N,'2a. Database N flows'!$D:$D,'3.1.a Input Output Matrix'!$D11,'2a. Database N flows'!$G:$G,'3.1.a Input Output Matrix'!L$10,'2a. Database N flows'!$P:$P,$B$3,'2a. Database N flows'!$M:$M,'3.1.a Input Output Matrix'!$B$4),SUMIFS('2a. Database N flows'!$N:$N,'2a. Database N flows'!$D:$D,'3.1.a Input Output Matrix'!$D11,'2a. Database N flows'!$G:$G,'3.1.a Input Output Matrix'!L$10,'2a. Database N flows'!$P:$P,$B$3)) | M11: =IF($B$4<>"Ntot",SUMIFS('2a. Database N flows'!$N:$N,'2a. Database N flows'!$D:$D,'3.1.a Input Output Matrix'!$D11,'2a. Database N flows'!$G:$G,'3.1.a Input Output Matrix'!M$10,'2a. Database N flows'!$P:$P,$B$3,'2a. Database N flows'!$M:$M,'3.1.a Input Output Matrix'!$B$4),SUMIFS('2a. Database N flows'!$N:$N,'2a. Database N flows'!$D:$D,'3.1.a Input Output Matrix'!$D11,'2a. Database N flows'!$G:$G,'3.1.a Input Output Matrix'!M$10,'2a. Database N flows'!$P:$P,$B$3)) | N11: =SUM(E11:M11) | O11: kt N
D12: MP | E12: =IF($B$4<>"Ntot",SUMIFS('2a. Database N flows'!$N:$N,'2a. Database N flows'!$D:$D,'3.1.a Input Output Matrix'!$D12,'2a. Database N flows'!$G:$G,'3.1.a Input Output Matrix'!E$10,'2a. Database N flows'!$P:$P,$B$3,'2a. Database N flows'!$M:$M,'3.1.a Input Output Matrix'!$B$4),SUMIFS('2a. Database N flows'!$N:$N,'2a. Database N flows'!$D:$D,'3.1.a Input Output Matrix'!$D12,'2a. Database N flows'!$G:$G,'3.1.a Input Output Matrix'!E$10,'2a. Database N flows'!$P:$P,$B$3)) | F12: =IF($B$4<>"Ntot",SUMIFS('2a. Database N flows'!$N:$N,'2a. Database N flows'!$D:$D,'3.1.a Input Output Matrix'!$D12,'2a. Database N flows'!$G:$G,'3.1.a Input Output Matrix'!F$10,'2a. Database N flows'!$P:$P,$B$3,'2a. Database N flows'!$M:$M,'3.1.a Input Output Matrix'!$B$4),SUMIFS('2a. Database N flows'!$N:$N,'2a. Database N flows'!$D:$D,'3.1.a Input Output Matrix'!$D12,'2a. Database N flows'!$G:$G,'3.1.a Input Output Matrix'!F$10,'2a. Database N flows'!$P:$P,$B$3)) | G12: =IF($B$4<>"Ntot",SUMIFS('2a. Database N flows'!$N:$N,'2a. Database N flows'!$D:$D,'3.1.a Input Output Matrix'!$D12,'2a. Database N flows'!$G:$G,'3.1.a Input Output Matrix'!G$10,'2a. Database N flows'!$P:$P,$B$3,'2a. Database N flows'!$M:$M,'3.1.a Input Output Matrix'!$B$4),SUMIFS('2a. Database N flows'!$N:$N,'2a. Database N flows'!$D:$D,'3.1.a Input Output Matrix'!$D12,'2a. Database N flows'!$G:$G,'3.1.a Input Output Matrix'!G$10,'2a. Database N flows'!$P:$P,$B$3)) | H12: =IF($B$4<>"Ntot",SUMIFS('2a. Database N flows'!$N:$N,'2a. Database N flows'!$D:$D,'3.1.a Input Output Matrix'!$D12,'2a. Database N flows'!$G:$G,'3.1.a Input Output Matrix'!H$10,'2a. Database N flows'!$P:$P,$B$3,'2a. Database N flows'!$M:$M,'3.1.a Input Output Matrix'!$B$4),SUMIFS('2a. Database N flows'!$N:$N,'2a. Database N flows'!$D:$D,'3.1.a Input Output Matrix'!$D12,'2a. Database N flows'!$G:$G,'3.1.a Input Output Matrix'!H$10,'2a. Database N flows'!$P:$P,$B$3)) | I12: =IF($B$4<>"Ntot",SUMIFS('2a. Database N flows'!$N:$N,'2a. Database N flows'!$D:$D,'3.1.a Input Output Matrix'!$D12,'2a. Database N flows'!$G:$G,'3.1.a Input Output Matrix'!I$10,'2a. Database N flows'!$P:$P,$B$3,'2a. Database N flows'!$M:$M,'3.1.a Input Output Matrix'!$B$4),SUMIFS('2a. Database N flows'!$N:$N,'2a. Database N flows'!$D:$D,'3.1.a Input Output Matrix'!$D12,'2a. Database N flows'!$G:$G,'3.1.a Input Output Matrix'!I$10,'2a. Database N flows'!$P:$P,$B$3)) | J12: =IF($B$4<>"Ntot",SUMIFS('2a. Database N flows'!$N:$N,'2a. Database N flows'!$D:$D,'3.1.a Input Output Matrix'!$D12,'2a. Database N flows'!$G:$G,'3.1.a Input Output Matrix'!J$10,'2a. Database N flows'!$P:$P,$B$3,'2a. Database N flows'!$M:$M,'3.1.a Input Output Matrix'!$B$4),SUMIFS('2a. Database N flows'!$N:$N,'2a. Database N flows'!$D:$D,'3.1.a Input Output Matrix'!$D12,'2a. Database N flows'!$G:$G,'3.1.a Input Output Matrix'!J$10,'2a. Database N flows'!$P:$P,$B$3)) | K12: =IF($B$4<>"Ntot",SUMIFS('2a. Database N flows'!$N:$N,'2a. Database N flows'!$D:$D,'3.1.a Input Output Matrix'!$D12,'2a. Database N flows'!$G:$G,'3.1.a Input Output Matrix'!K$10,'2a. Database N flows'!$P:$P,$B$3,'2a. Database N flows'!$M:$M,'3.1.a Input Output Matrix'!$B$4),SUMIFS('2a. Database N flows'!$N:$N,'2a. Database N flows'!$D:$D,'3.1.a Input Output Matrix'!$D12,'2a. Database N flows'!$G:$G,'3.1.a Input Output Matrix'!K$10,'2a. Database N flows'!$P:$P,$B$3)) | L12: =IF($B$4<>"Ntot",SUMIFS('2a. Database N flows'!$N:$N,'2a. Database N flows'!$D:$D,'3.1.a Input Output Matrix'!$D12,'2a. Database N flows'!$G:$G,'3.1.a Input Output Matrix'!L$10,'2a. Database N flows'!$P:$P,$B$3,'2a. Database N flows'!$M:$M,'3.1.a Input Output Matrix'!$B$4),SUMIFS('2a. Database N flows'!$N:$N,'2a. Database N flows'!$D:$D,'3.1.a Input Output Matrix'!$D12,'2a. Database N flows'!$G:$G,'3.1.a Input Output Matrix'!L$10,'2a. Database N flows'!$P:$P,$B$3)) | M12: =IF($B$4<>"Ntot",SUMIFS('2a. Database N flows'!$N:$N,'2a. Database N flows'!$D:$D,'3.1.a Input Output Matrix'!$D12,'2a. Database N flows'!$G:$G,'3.1.a Input Output Matrix'!M$10,'2a. Database N flows'!$P:$P,$B$3,'2a. Database N flows'!$M:$M,'3.1.a Input Output Matrix'!$B$4),SUMIFS('2a. Database N flows'!$N:$N,'2a. Database N flows'!$D:$D,'3.1.a Input Output Matrix'!$D12,'2a. Database N flows'!$G:$G,'3.1.a Input Output Matrix'!M$10,'2a. Database N flows'!$P:$P,$B$3)) | N12: =SUM(E12:M12) | O12: kt N
D13: AG | E13: =IF($B$4<>"Ntot",SUMIFS('2a. Database N flows'!$N:$N,'2a. Database N flows'!$D:$D,'3.1.a Input Output Matrix'!$D13,'2a. Database N flows'!$G:$G,'3.1.a Input Output Matrix'!E$10,'2a. Database N flows'!$P:$P,$B$3,'2a. Database N flows'!$M:$M,'3.1.a Input Output Matrix'!$B$4),SUMIFS('2a. Database N flows'!$N:$N,'2a. Database N flows'!$D:$D,'3.1.a Input Output Matrix'!$D13,'2a. Database N flows'!$G:$G,'3.1.a Input Output Matrix'!E$10,'2a. Database N flows'!$P:$P,$B$3)) | F13: =IF($B$4<>"Ntot",SUMIFS('2a. Database N flows'!$N:$N,'2a. Database N flows'!$D:$D,'3.1.a Input Output Matrix'!$D13,'2a. Database N flows'!$G:$G,'3.1.a Input Output Matrix'!F$10,'2a. Database N flows'!$P:$P,$B$3,'2a. Database N flows'!$M:$M,'3.1.a Input Output Matrix'!$B$4),SUMIFS('2a. Database N flows'!$N:$N,'2a. Database N flows'!$D:$D,'3.1.a Input Output Matrix'!$D13,'2a. Database N flows'!$G:$G,'3.1.a Input Output Matrix'!F$10,'2a. Database N flows'!$P:$P,$B$3)) | G13: =IF($B$4<>"Ntot",SUMIFS('2a. Database N flows'!$N:$N,'2a. Database N flows'!$D:$D,'3.1.a Input Output Matrix'!$D13,'2a. Database N flows'!$G:$G,'3.1.a Input Output Matrix'!G$10,'2a. Database N flows'!$P:$P,$B$3,'2a. Database N flows'!$M:$M,'3.1.a Input Output Matrix'!$B$4),SUMIFS('2a. Database N flows'!$N:$N,'2a. Database N flows'!$D:$D,'3.1.a Input Output Matrix'!$D13,'2a. Database N flows'!$G:$G,'3.1.a Input Output Matrix'!G$10,'2a. Database N flows'!$P:$P,$B$3)) | H13: =IF($B$4<>"Ntot",SUMIFS('2a. Database N flows'!$N:$N,'2a. Database N flows'!$D:$D,'3.1.a Input Output Matrix'!$D13,'2a. Database N flows'!$G:$G,'3.1.a Input Output Matrix'!H$10,'2a. Database N flows'!$P:$P,$B$3,'2a. Database N flows'!$M:$M,'3.1.a Input Output Matrix'!$B$4),SUMIFS('2a. Database N flows'!$N:$N,'2a. Database N flows'!$D:$D,'3.1.a Input Output Matrix'!$D13,'2a. Database N flows'!$G:$G,'3.1.a Input Output Matrix'!H$10,'2a. Database N flows'!$P:$P,$B$3)) | I13: =IF($B$4<>"Ntot",SUMIFS('2a. Database N flows'!$N:$N,'2a. Database N flows'!$D:$D,'3.1.a Input Output Matrix'!$D13,'2a. Database N flows'!$G:$G,'3.1.a Input Output Matrix'!I$10,'2a. Database N flows'!$P:$P,$B$3,'2a. Database N flows'!$M:$M,'3.1.a Input Output Matrix'!$B$4),SUMIFS('2a. Database N flows'!$N:$N,'2a. Database N flows'!$D:$D,'3.1.a Input Output Matrix'!$D13,'2a. Database N flows'!$G:$G,'3.1.a Input Output Matrix'!I$10,'2a. Database N flows'!$P:$P,$B$3)) | J13: =IF($B$4<>"Ntot",SUMIFS('2a. Database N flows'!$N:$N,'2a. Database N flows'!$D:$D,'3.1.a Input Output Matrix'!$D13,'2a. Database N flows'!$G:$G,'3.1.a Input Output Matrix'!J$10,'2a. Database N flows'!$P:$P,$B$3,'2a. Database N flows'!$M:$M,'3.1.a Input Output Matrix'!$B$4),SUMIFS('2a. Database N flows'!$N:$N,'2a. Database N flows'!$D:$D,'3.1.a Input Output Matrix'!$D13,'2a. Database N flows'!$G:$G,'3.1.a Input Output Matrix'!J$10,'2a. Database N flows'!$P:$P,$B$3)) | K13: =IF($B$4<>"Ntot",SUMIFS('2a. Database N flows'!$N:$N,'2a. Database N flows'!$D:$D,'3.1.a Input Output Matrix'!$D13,'2a. Database N flows'!$G:$G,'3.1.a Input Output Matrix'!K$10,'2a. Database N flows'!$P:$P,$B$3,'2a. Database N flows'!$M:$M,'3.1.a Input Output Matrix'!$B$4),SUMIFS('2a. Database N flows'!$N:$N,'2a. Database N flows'!$D:$D,'3.1.a Input Output Matrix'!$D13,'2a. Database N flows'!$G:$G,'3.1.a Input Output Matrix'!K$10,'2a. Database N flows'!$P:$P,$B$3)) | L13: =IF($B$4<>"Ntot",SUMIFS('2a. Database N flows'!$N:$N,'2a. Database N flows'!$D:$D,'3.1.a Input Output Matrix'!$D13,'2a. Database N flows'!$G:$G,'3.1.a Input Output Matrix'!L$10,'2a. Database N flows'!$P:$P,$B$3,'2a. Database N flows'!$M:$M,'3.1.a Input Output Matrix'!$B$4),SUMIFS('2a. Database N flows'!$N:$N,'2a. Database N flows'!$D:$D,'3.1.a Input Output Matrix'!$D13,'2a. Database N flows'!$G:$G,'3.1.a Input Output Matrix'!L$10,'2a. Database N flows'!$P:$P,$B$3)) | M13: =IF($B$4<>"Ntot",SUMIFS('2a. Database N flows'!$N:$N,'2a. Database N flows'!$D:$D,'3.1.a Input Output Matrix'!$D13,'2a. Database N flows'!$G:$G,'3.1.a Input Output Matrix'!M$10,'2a. Database N flows'!$P:$P,$B$3,'2a. Database N flows'!$M:$M,'3.1.a Input Output Matrix'!$B$4),SUMIFS('2a. Database N flows'!$N:$N,'2a. Database N flows'!$D:$D,'3.1.a Input Output Matrix'!$D13,'2a. Database N flows'!$G:$G,'3.1.a Input Output Matrix'!M$10,'2a. Database N flows'!$P:$P,$B$3)) | N13: =SUM(E13:M13) | O13: kt N
D14: FS | E14: =IF($B$4<>"Ntot",SUMIFS('2a. Database N flows'!$N:$N,'2a. Database N flows'!$D:$D,'3.1.a Input Output Matrix'!$D14,'2a. Database N flows'!$G:$G,'3.1.a Input Output Matrix'!E$10,'2a. Database N flows'!$P:$P,$B$3,'2a. Database N flows'!$M:$M,'3.1.a Input Output Matrix'!$B$4),SUMIFS('2a. Database N flows'!$N:$N,'2a. Database N flows'!$D:$D,'3.1.a Input Output Matrix'!$D14,'2a. Database N flows'!$G:$G,'3.1.a Input Output Matrix'!E$10,'2a. Database N flows'!$P:$P,$B$3)) | F14: =IF($B$4<>"Ntot",SUMIFS('2a. Database N flows'!$N:$N,'2a. Database N flows'!$D:$D,'3.1.a Input Output Matrix'!$D14,'2a. Database N flows'!$G:$G,'3.1.a Input Output Matrix'!F$10,'2a. Database N flows'!$P:$P,$B$3,'2a. Database N flows'!$M:$M,'3.1.a Input Output Matrix'!$B$4),SUMIFS('2a. Database N flows'!$N:$N,'2a. Database N flows'!$D:$D,'3.1.a Input Output Matrix'!$D14,'2a. Database N flows'!$G:$G,'3.1.a Input Output Matrix'!F$10,'2a. Database N flows'!$P:$P,$B$3)) | G14: =IF($B$4<>"Ntot",SUMIFS('2a. Database N flows'!$N:$N,'2a. Database N flows'!$D:$D,'3.1.a Input Output Matrix'!$D14,'2a. Database N flows'!$G:$G,'3.1.a Input Output Matrix'!G$10,'2a. Database N flows'!$P:$P,$B$3,'2a. Database N flows'!$M:$M,'3.1.a Input Output Matrix'!$B$4),SUMIFS('2a. Database N flows'!$N:$N,'2a. Database N flows'!$D:$D,'3.1.a Input Output Matrix'!$D14,'2a. Database N flows'!$G:$G,'3.1.a Input Output Matrix'!G$10,'2a. Database N flows'!$P:$P,$B$3)) | H14: =IF($B$4<>"Ntot",SUMIFS('2a. Database N flows'!$N:$N,'2a. Database N flows'!$D:$D,'3.1.a Input Output Matrix'!$D14,'2a. Database N flows'!$G:$G,'3.1.a Input Output Matrix'!H$10,'2a. Database N flows'!$P:$P,$B$3,'2a. Database N flows'!$M:$M,'3.1.a Input Output Matrix'!$B$4),SUMIFS('2a. Database N flows'!$N:$N,'2a. Database N flows'!$D:$D,'3.1.a Input Output Matrix'!$D14,'2a. Database N flows'!$G:$G,'3.1.a Input Output Matrix'!H$10,'2a. Database N flows'!$P:$P,$B$3)) | I14: =IF($B$4<>"Ntot",SUMIFS('2a. Database N flows'!$N:$N,'2a. Database N flows'!$D:$D,'3.1.a Input Output Matrix'!$D14,'2a. Database N flows'!$G:$G,'3.1.a Input Output Matrix'!I$10,'2a. Database N flows'!$P:$P,$B$3,'2a. Database N flows'!$M:$M,'3.1.a Input Output Matrix'!$B$4),SUMIFS('2a. Database N flows'!$N:$N,'2a. Database N flows'!$D:$D,'3.1.a Input Output Matrix'!$D14,'2a. Database N flows'!$G:$G,'3.1.a Input Output Matrix'!I$10,'2a. Database N flows'!$P:$P,$B$3)) | J14: =IF($B$4<>"Ntot",SUMIFS('2a. Database N flows'!$N:$N,'2a. Database N flows'!$D:$D,'3.1.a Input Output Matrix'!$D14,'2a. Database N flows'!$G:$G,'3.1.a Input Output Matrix'!J$10,'2a. Database N flows'!$P:$P,$B$3,'2a. Database N flows'!$M:$M,'3.1.a Input Output Matrix'!$B$4),SUMIFS('2a. Database N flows'!$N:$N,'2a. Database N flows'!$D:$D,'3.1.a Input Output Matrix'!$D14,'2a. Database N flows'!$G:$G,'3.1.a Input Output Matrix'!J$10,'2a. Database N flows'!$P:$P,$B$3)) | K14: =IF($B$4<>"Ntot",SUMIFS('2a. Database N flows'!$N:$N,'2a. Database N flows'!$D:$D,'3.1.a Input Output Matrix'!$D14,'2a. Database N flows'!$G:$G,'3.1.a Input Output Matrix'!K$10,'2a. Database N flows'!$P:$P,$B$3,'2a. Database N flows'!$M:$M,'3.1.a Input Output Matrix'!$B$4),SUMIFS('2a. Database N flows'!$N:$N,'2a. Database N flows'!$D:$D,'3.1.a Input Output Matrix'!$D14,'2a. Database N flows'!$G:$G,'3.1.a Input Output Matrix'!K$10,'2a. Database N flows'!$P:$P,$B$3)) | L14: =IF($B$4<>"Ntot",SUMIFS('2a. Database N flows'!$N:$N,'2a. Database N flows'!$D:$D,'3.1.a Input Output Matrix'!$D14,'2a. Database N flows'!$G:$G,'3.1.a Input Output Matrix'!L$10,'2a. Database N flows'!$P:$P,$B$3,'2a. Database N flows'!$M:$M,'3.1.a Input Output Matrix'!$B$4),SUMIFS('2a. Database N flows'!$N:$N,'2a. Database N flows'!$D:$D,'3.1.a Input Output Matrix'!$D14,'2a. Database N flows'!$G:$G,'3.1.a Input Output Matrix'!L$10,'2a. Database N flows'!$P:$P,$B$3)) | M14: =IF($B$4<>"Ntot",SUMIFS('2a. Database N flows'!$N:$N,'2a. Database N flows'!$D:$D,'3.1.a Input Output Matrix'!$D14,'2a. Database N flows'!$G:$G,'3.1.a Input Output Matrix'!M$10,'2a. Database N flows'!$P:$P,$B$3,'2a. Database N flows'!$M:$M,'3.1.a Input Output Matrix'!$B$4),SUMIFS('2a. Database N flows'!$N:$N,'2a. Database N flows'!$D:$D,'3.1.a Input Output Matrix'!$D14,'2a. Database N flows'!$G:$G,'3.1.a Input Output Matrix'!M$10,'2a. Database N flows'!$P:$P,$B$3)) | N14: =SUM(E14:M14) | O14: kt N
D15: PR | E15: =IF($B$4<>"Ntot",SUMIFS('2a. Database N flows'!$N:$N,'2a. Database N flows'!$D:$D,'3.1.a Input Output Matrix'!$D15,'2a. Database N flows'!$G:$G,'3.1.a Input Output Matrix'!E$10,'2a. Database N flows'!$P:$P,$B$3,'2a. Database N flows'!$M:$M,'3.1.a Input Output Matrix'!$B$4),SUMIFS('2a. Database N flows'!$N:$N,'2a. Database N flows'!$D:$D,'3.1.a Input Output Matrix'!$D15,'2a. Database N flows'!$G:$G,'3.1.a Input Output Matrix'!E$10,'2a. Database N flows'!$P:$P,$B$3)) | F15: =IF($B$4<>"Ntot",SUMIFS('2a. Database N flows'!$N:$N,'2a. Database N flows'!$D:$D,'3.1.a Input Output Matrix'!$D15,'2a. Database N flows'!$G:$G,'3.1.a Input Output Matrix'!F$10,'2a. Database N flows'!$P:$P,$B$3,'2a. Database N flows'!$M:$M,'3.1.a Input Output Matrix'!$B$4),SUMIFS('2a. Database N flows'!$N:$N,'2a. Database N flows'!$D:$D,'3.1.a Input Output Matrix'!$D15,'2a. Database N flows'!$G:$G,'3.1.a Input Output Matrix'!F$10,'2a. Database N flows'!$P:$P,$B$3)) | G15: =IF($B$4<>"Ntot",SUMIFS('2a. Database N flows'!$N:$N,'2a. Database N flows'!$D:$D,'3.1.a Input Output Matrix'!$D15,'2a. Database N flows'!$G:$G,'3.1.a Input Output Matrix'!G$10,'2a. Database N flows'!$P:$P,$B$3,'2a. Database N flows'!$M:$M,'3.1.a Input Output Matrix'!$B$4),SUMIFS('2a. Database N flows'!$N:$N,'2a. Database N flows'!$D:$D,'3.1.a Input Output Matrix'!$D15,'2a. Database N flows'!$G:$G,'3.1.a Input Output Matrix'!G$10,'2a. Database N flows'!$P:$P,$B$3)) | H15: =IF($B$4<>"Ntot",SUMIFS('2a. Database N flows'!$N:$N,'2a. Database N flows'!$D:$D,'3.1.a Input Output Matrix'!$D15,'2a. Database N flows'!$G:$G,'3.1.a Input Output Matrix'!H$10,'2a. Database N flows'!$P:$P,$B$3,'2a. Database N flows'!$M:$M,'3.1.a Input Output Matrix'!$B$4),SUMIFS('2a. Database N flows'!$N:$N,'2a. Database N flows'!$D:$D,'3.1.a Input Output Matrix'!$D15,'2a. Database N flows'!$G:$G,'3.1.a Input Output Matrix'!H$10,'2a. Database N flows'!$P:$P,$B$3)) | I15: =IF($B$4<>"Ntot",SUMIFS('2a. Database N flows'!$N:$N,'2a. Database N flows'!$D:$D,'3.1.a Input Output Matrix'!$D15,'2a. Database N flows'!$G:$G,'3.1.a Input Output Matrix'!I$10,'2a. Database N flows'!$P:$P,$B$3,'2a. Database N flows'!$M:$M,'3.1.a Input Output Matrix'!$B$4),SUMIFS('2a. Database N flows'!$N:$N,'2a. Database N flows'!$D:$D,'3.1.a Input Output Matrix'!$D15,'2a. Database N flows'!$G:$G,'3.1.a Input Output Matrix'!I$10,'2a. Database N flows'!$P:$P,$B$3)) | J15: =IF($B$4<>"Ntot",SUMIFS('2a. Database N flows'!$N:$N,'2a. Database N flows'!$D:$D,'3.1.a Input Output Matrix'!$D15,'2a. Database N flows'!$G:$G,'3.1.a Input Output Matrix'!J$10,'2a. Database N flows'!$P:$P,$B$3,'2a. Database N flows'!$M:$M,'3.1.a Input Output Matrix'!$B$4),SUMIFS('2a. Database N flows'!$N:$N,'2a. Database N flows'!$D:$D,'3.1.a Input Output Matrix'!$D15,'2a. Database N flows'!$G:$G,'3.1.a Input Output Matrix'!J$10,'2a. Database N flows'!$P:$P,$B$3)) | K15: =IF($B$4<>"Ntot",SUMIFS('2a. Database N flows'!$N:$N,'2a. Database N flows'!$D:$D,'3.1.a Input Output Matrix'!$D15,'2a. Database N flows'!$G:$G,'3.1.a Input Output Matrix'!K$10,'2a. Database N flows'!$P:$P,$B$3,'2a. Database N flows'!$M:$M,'3.1.a Input Output Matrix'!$B$4),SUMIFS('2a. Database N flows'!$N:$N,'2a. Database N flows'!$D:$D,'3.1.a Input Output Matrix'!$D15,'2a. Database N flows'!$G:$G,'3.1.a Input Output Matrix'!K$10,'2a. Database N flows'!$P:$P,$B$3)) | L15: =IF($B$4<>"Ntot",SUMIFS('2a. Database N flows'!$N:$N,'2a. Database N flows'!$D:$D,'3.1.a Input Output Matrix'!$D15,'2a. Database N flows'!$G:$G,'3.1.a Input Output Matrix'!L$10,'2a. Database N flows'!$P:$P,$B$3,'2a. Database N flows'!$M:$M,'3.1.a Input Output Matrix'!$B$4),SUMIFS('2a. Database N flows'!$N:$N,'2a. Database N flows'!$D:$D,'3.1.a Input Output Matrix'!$D15,'2a. Database N flows'!$G:$G,'3.1.a Input Output Matrix'!L$10,'2a. Database N flows'!$P:$P,$B$3)) | M15: =IF($B$4<>"Ntot",SUMIFS('2a. Database N flows'!$N:$N,'2a. Database N flows'!$D:$D,'3.1.a Input Output Matrix'!$D15,'2a. Database N flows'!$G:$G,'3.1.a Input Output Matrix'!M$10,'2a. Database N flows'!$P:$P,$B$3,'2a. Database N flows'!$M:$M,'3.1.a Input Output Matrix'!$B$4),SUMIFS('2a. Database N flows'!$N:$N,'2a. Database N flows'!$D:$D,'3.1.a Input Output Matrix'!$D15,'2a. Database N flows'!$G:$G,'3.1.a Input Output Matrix'!M$10,'2a. Database N flows'!$P:$P,$B$3)) | N15: =SUM(E15:M15) | O15: kt N
D16: HS | E16: =IF($B$4<>"Ntot",SUMIFS('2a. Database N flows'!$N:$N,'2a. Database N flows'!$D:$D,'3.1.a Input Output Matrix'!$D16,'2a. Database N flows'!$G:$G,'3.1.a Input Output Matrix'!E$10,'2a. Database N flows'!$P:$P,$B$3,'2a. Database N flows'!$M:$M,'3.1.a Input Output Matrix'!$B$4),SUMIFS('2a. Database N flows'!$N:$N,'2a. Database N flows'!$D:$D,'3.1.a Input Output Matrix'!$D16,'2a. Database N flows'!$G:$G,'3.1.a Input Output Matrix'!E$10,'2a. Database N flows'!$P:$P,$B$3)) | F16: =IF($B$4<>"Ntot",SUMIFS('2a. Database N flows'!$N:$N,'2a. Database N flows'!$D:$D,'3.1.a Input Output Matrix'!$D16,'2a. Database N flows'!$G:$G,'3.1.a Input Output Matrix'!F$10,'2a. Database N flows'!$P:$P,$B$3,'2a. Database N flows'!$M:$M,'3.1.a Input Output Matrix'!$B$4),SUMIFS('2a. Database N flows'!$N:$N,'2a. Database N flows'!$D:$D,'3.1.a Input Output Matrix'!$D16,'2a. Database N flows'!$G:$G,'3.1.a Input Output Matrix'!F$10,'2a. Database N flows'!$P:$P,$B$3)) | G16: =IF($B$4<>"Ntot",SUMIFS('2a. Database N flows'!$N:$N,'2a. Database N flows'!$D:$D,'3.1.a Input Output Matrix'!$D16,'2a. Database N flows'!$G:$G,'3.1.a Input Output Matrix'!G$10,'2a. Database N flows'!$P:$P,$B$3,'2a. Database N flows'!$M:$M,'3.1.a Input Output Matrix'!$B$4),SUMIFS('2a. Database N flows'!$N:$N,'2a. Database N flows'!$D:$D,'3.1.a Input Output Matrix'!$D16,'2a. Database N flows'!$G:$G,'3.1.a Input Output Matrix'!G$10,'2a. Database N flows'!$P:$P,$B$3)) | H16: =IF($B$4<>"Ntot",SUMIFS('2a. Database N flows'!$N:$N,'2a. Database N flows'!$D:$D,'3.1.a Input Output Matrix'!$D16,'2a. Database N flows'!$G:$G,'3.1.a Input Output Matrix'!H$10,'2a. Database N flows'!$P:$P,$B$3,'2a. Database N flows'!$M:$M,'3.1.a Input Output Matrix'!$B$4),SUMIFS('2a. Database N flows'!$N:$N,'2a. Database N flows'!$D:$D,'3.1.a Input Output Matrix'!$D16,'2a. Database N flows'!$G:$G,'3.1.a Input Output Matrix'!H$10,'2a. Database N flows'!$P:$P,$B$3)) | I16: =IF($B$4<>"Ntot",SUMIFS('2a. Database N flows'!$N:$N,'2a. Database N flows'!$D:$D,'3.1.a Input Output Matrix'!$D16,'2a. Database N flows'!$G:$G,'3.1.a Input Output Matrix'!I$10,'2a. Database N flows'!$P:$P,$B$3,'2a. Database N flows'!$M:$M,'3.1.a Input Output Matrix'!$B$4),SUMIFS('2a. Database N flows'!$N:$N,'2a. Database N flows'!$D:$D,'3.1.a Input Output Matrix'!$D16,'2a. Database N flows'!$G:$G,'3.1.a Input Output Matrix'!I$10,'2a. Database N flows'!$P:$P,$B$3)) | J16: =IF($B$4<>"Ntot",SUMIFS('2a. Database N flows'!$N:$N,'2a. Database N flows'!$D:$D,'3.1.a Input Output Matrix'!$D16,'2a. Database N flows'!$G:$G,'3.1.a Input Output Matrix'!J$10,'2a. Database N flows'!$P:$P,$B$3,'2a. Database N flows'!$M:$M,'3.1.a Input Output Matrix'!$B$4),SUMIFS('2a. Database N flows'!$N:$N,'2a. Database N flows'!$D:$D,'3.1.a Input Output Matrix'!$D16,'2a. Database N flows'!$G:$G,'3.1.a Input Output Matrix'!J$10,'2a. Database N flows'!$P:$P,$B$3)) | K16: =IF($B$4<>"Ntot",SUMIFS('2a. Database N flows'!$N:$N,'2a. Database N flows'!$D:$D,'3.1.a Input Output Matrix'!$D16,'2a. Database N flows'!$G:$G,'3.1.a Input Output Matrix'!K$10,'2a. Database N flows'!$P:$P,$B$3,'2a. Database N flows'!$M:$M,'3.1.a Input Output Matrix'!$B$4),SUMIFS('2a. Database N flows'!$N:$N,'2a. Database N flows'!$D:$D,'3.1.a Input Output Matrix'!$D16,'2a. Database N flows'!$G:$G,'3.1.a Input Output Matrix'!K$10,'2a. Database N flows'!$P:$P,$B$3)) | L16: =IF($B$4<>"Ntot",SUMIFS('2a. Database N flows'!$N:$N,'2a. Database N flows'!$D:$D,'3.1.a Input Output Matrix'!$D16,'2a. Database N flows'!$G:$G,'3.1.a Input Output Matrix'!L$10,'2a. Database N flows'!$P:$P,$B$3,'2a. Database N flows'!$M:$M,'3.1.a Input Output Matrix'!$B$4),SUMIFS('2a. Database N flows'!$N:$N,'2a. Database N flows'!$D:$D,'3.1.a Input Output Matrix'!$D16,'2a. Database N flows'!$G:$G,'3.1.a Input Output Matrix'!L$10,'2a. Database N flows'!$P:$P,$B$3)) | M16: =IF($B$4<>"Ntot",SUMIFS('2a. Database N flows'!$N:$N,'2a. Database N flows'!$D:$D,'3.1.a Input Output Matrix'!$D16,'2a. Database N flows'!$G:$G,'3.1.a Input Output Matrix'!M$10,'2a. Database N flows'!$P:$P,$B$3,'2a. Database N flows'!$M:$M,'3.1.a Input Output Matrix'!$B$4),SUMIFS('2a. Database N flows'!$N:$N,'2a. Database N flows'!$D:$D,'3.1.a Input Output Matrix'!$D16,'2a. Database N flows'!$G:$G,'3.1.a Input Output Matrix'!M$10,'2a. Database N flows'!$P:$P,$B$3)) | N16: =SUM(E16:M16) | O16: kt N
D17: HY | E17: =IF($B$4<>"Ntot",SUMIFS('2a. Database N flows'!$N:$N,'2a. Database N flows'!$D:$D,'3.1.a Input Output Matrix'!$D17,'2a. Database N flows'!$G:$G,'3.1.a Input Output Matrix'!E$10,'2a. Database N flows'!$P:$P,$B$3,'2a. Database N flows'!$M:$M,'3.1.a Input Output Matrix'!$B$4),SUMIFS('2a. Database N flows'!$N:$N,'2a. Database N flows'!$D:$D,'3.1.a Input Output Matrix'!$D17,'2a. Database N flows'!$G:$G,'3.1.a Input Output Matrix'!E$10,'2a. Database N flows'!$P:$P,$B$3)) | F17: =IF($B$4<>"Ntot",SUMIFS('2a. Database N flows'!$N:$N,'2a. Database N flows'!$D:$D,'3.1.a Input Output Matrix'!$D17,'2a. Database N flows'!$G:$G,'3.1.a Input Output Matrix'!F$10,'2a. Database N flows'!$P:$P,$B$3,'2a. Database N flows'!$M:$M,'3.1.a Input Output Matrix'!$B$4),SUMIFS('2a. Database N flows'!$N:$N,'2a. Database N flows'!$D:$D,'3.1.a Input Output Matrix'!$D17,'2a. Database N flows'!$G:$G,'3.1.a Input Output Matrix'!F$10,'2a. Database N flows'!$P:$P,$B$3)) | G17: =IF($B$4<>"Ntot",SUMIFS('2a. Database N flows'!$N:$N,'2a. Database N flows'!$D:$D,'3.1.a Input Output Matrix'!$D17,'2a. Database N flows'!$G:$G,'3.1.a Input Output Matrix'!G$10,'2a. Database N flows'!$P:$P,$B$3,'2a. Database N flows'!$M:$M,'3.1.a Input Output Matrix'!$B$4),SUMIFS('2a. Database N flows'!$N:$N,'2a. Database N flows'!$D:$D,'3.1.a Input Output Matrix'!$D17,'2a. Database N flows'!$G:$G,'3.1.a Input Output Matrix'!G$10,'2a. Database N flows'!$P:$P,$B$3)) | H17: =IF($B$4<>"Ntot",SUMIFS('2a. Database N flows'!$N:$N,'2a. Database N flows'!$D:$D,'3.1.a Input Output Matrix'!$D17,'2a. Database N flows'!$G:$G,'3.1.a Input Output Matrix'!H$10,'2a. Database N flows'!$P:$P,$B$3,'2a. Database N flows'!$M:$M,'3.1.a Input Output Matrix'!$B$4),SUMIFS('2a. Database N flows'!$N:$N,'2a. Database N flows'!$D:$D,'3.1.a Input Output Matrix'!$D17,'2a. Database N flows'!$G:$G,'3.1.a Input Output Matrix'!H$10,'2a. Database N flows'!$P:$P,$B$3)) | I17: =IF($B$4<>"Ntot",SUMIFS('2a. Database N flows'!$N:$N,'2a. Database N flows'!$D:$D,'3.1.a Input Output Matrix'!$D17,'2a. Database N flows'!$G:$G,'3.1.a Input Output Matrix'!I$10,'2a. Database N flows'!$P:$P,$B$3,'2a. Database N flows'!$M:$M,'3.1.a Input Output Matrix'!$B$4),SUMIFS('2a. Database N flows'!$N:$N,'2a. Database N flows'!$D:$D,'3.1.a Input Output Matrix'!$D17,'2a. Database N flows'!$G:$G,'3.1.a Input Output Matrix'!I$10,'2a. Database N flows'!$P:$P,$B$3)) | J17: =IF($B$4<>"Ntot",SUMIFS('2a. Database N flows'!$N:$N,'2a. Database N flows'!$D:$D,'3.1.a Input Output Matrix'!$D17,'2a. Database N flows'!$G:$G,'3.1.a Input Output Matrix'!J$10,'2a. Database N flows'!$P:$P,$B$3,'2a. Database N flows'!$M:$M,'3.1.a Input Output Matrix'!$B$4),SUMIFS('2a. Database N flows'!$N:$N,'2a. Database N flows'!$D:$D,'3.1.a Input Output Matrix'!$D17,'2a. Database N flows'!$G:$G,'3.1.a Input Output Matrix'!J$10,'2a. Database N flows'!$P:$P,$B$3)) | K17: =IF($B$4<>"Ntot",SUMIFS('2a. Database N flows'!$N:$N,'2a. Database N flows'!$D:$D,'3.1.a Input Output Matrix'!$D17,'2a. Database N flows'!$G:$G,'3.1.a Input Output Matrix'!K$10,'2a. Database N flows'!$P:$P,$B$3,'2a. Database N flows'!$M:$M,'3.1.a Input Output Matrix'!$B$4),SUMIFS('2a. Database N flows'!$N:$N,'2a. Database N flows'!$D:$D,'3.1.a Input Output Matrix'!$D17,'2a. Database N flows'!$G:$G,'3.1.a Input Output Matrix'!K$10,'2a. Database N flows'!$P:$P,$B$3)) | L17: =IF($B$4<>"Ntot",SUMIFS('2a. Database N flows'!$N:$N,'2a. Database N flows'!$D:$D,'3.1.a Input Output Matrix'!$D17,'2a. Database N flows'!$G:$G,'3.1.a Input Output Matrix'!L$10,'2a. Database N flows'!$P:$P,$B$3,'2a. Database N flows'!$M:$M,'3.1.a Input Output Matrix'!$B$4),SUMIFS('2a. Database N flows'!$N:$N,'2a. Database N flows'!$D:$D,'3.1.a Input Output Matrix'!$D17,'2a. Database N flows'!$G:$G,'3.1.a Input Output Matrix'!L$10,'2a. Database N flows'!$P:$P,$B$3)) | M17: =IF($B$4<>"Ntot",SUMIFS('2a. Database N flows'!$N:$N,'2a. Database N flows'!$D:$D,'3.1.a Input Output Matrix'!$D17,'2a. Database N flows'!$G:$G,'3.1.a Input Output Matrix'!M$10,'2a. Database N flows'!$P:$P,$B$3,'2a. Database N flows'!$M:$M,'3.1.a Input Output Matrix'!$B$4),SUMIFS('2a. Database N flows'!$N:$N,'2a. Database N flows'!$D:$D,'3.1.a Input Output Matrix'!$D17,'2a. Database N flows'!$G:$G,'3.1.a Input Output Matrix'!M$10,'2a. Database N flows'!$P:$P,$B$3)) | N17: =SUM(E17:M17) | O17: kt N
D18: AT | E18: =IF($B$4<>"Ntot",SUMIFS('2a. Database N flows'!$N:$N,'2a. Database N flows'!$D:$D,'3.1.a Input Output Matrix'!$D18,'2a. Database N flows'!$G:$G,'3.1.a Input Output Matrix'!E$10,'2a. Database N flows'!$P:$P,$B$3,'2a. Database N flows'!$M:$M,'3.1.a Input Output Matrix'!$B$4),SUMIFS('2a. Database N flows'!$N:$N,'2a. Database N flows'!$D:$D,'3.1.a Input Output Matrix'!$D18,'2a. Database N flows'!$G:$G,'3.1.a Input Output Matrix'!E$10,'2a. Database N flows'!$P:$P,$B$3)) | F18: =IF($B$4<>"Ntot",SUMIFS('2a. Database N flows'!$N:$N,'2a. Database N flows'!$D:$D,'3.1.a Input Output Matrix'!$D18,'2a. Database N flows'!$G:$G,'3.1.a Input Output Matrix'!F$10,'2a. Database N flows'!$P:$P,$B$3,'2a. Database N flows'!$M:$M,'3.1.a Input Output Matrix'!$B$4),SUMIFS('2a. Database N flows'!$N:$N,'2a. Database N flows'!$D:$D,'3.1.a Input Output Matrix'!$D18,'2a. Database N flows'!$G:$G,'3.1.a Input Output Matrix'!F$10,'2a. Database N flows'!$P:$P,$B$3)) | G18: =IF($B$4<>"Ntot",SUMIFS('2a. Database N flows'!$N:$N,'2a. Database N flows'!$D:$D,'3.1.a Input Output Matrix'!$D18,'2a. Database N flows'!$G:$G,'3.1.a Input Output Matrix'!G$10,'2a. Database N flows'!$P:$P,$B$3,'2a. Database N flows'!$M:$M,'3.1.a Input Output Matrix'!$B$4),SUMIFS('2a. Database N flows'!$N:$N,'2a. Database N flows'!$D:$D,'3.1.a Input Output Matrix'!$D18,'2a. Database N flows'!$G:$G,'3.1.a Input Output Matrix'!G$10,'2a. Database N flows'!$P:$P,$B$3)) | H18: =IF($B$4<>"Ntot",SUMIFS('2a. Database N flows'!$N:$N,'2a. Database N flows'!$D:$D,'3.1.a Input Output Matrix'!$D18,'2a. Database N flows'!$G:$G,'3.1.a Input Output Matrix'!H$10,'2a. Database N flows'!$P:$P,$B$3,'2a. Database N flows'!$M:$M,'3.1.a Input Output Matrix'!$B$4),SUMIFS('2a. Database N flows'!$N:$N,'2a. Database N flows'!$D:$D,'3.1.a Input Output Matrix'!$D18,'2a. Database N flows'!$G:$G,'3.1.a Input Output Matrix'!H$10,'2a. Database N flows'!$P:$P,$B$3)) | I18: =IF($B$4<>"Ntot",SUMIFS('2a. Database N flows'!$N:$N,'2a. Database N flows'!$D:$D,'3.1.a Input Output Matrix'!$D18,'2a. Database N flows'!$G:$G,'3.1.a Input Output Matrix'!I$10,'2a. Database N flows'!$P:$P,$B$3,'2a. Database N flows'!$M:$M,'3.1.a Input Output Matrix'!$B$4),SUMIFS('2a. Database N flows'!$N:$N,'2a. Database N flows'!$D:$D,'3.1.a Input Output Matrix'!$D18,'2a. Database N flows'!$G:$G,'3.1.a Input Output Matrix'!I$10,'2a. Database N flows'!$P:$P,$B$3)) | J18: =IF($B$4<>"Ntot",SUMIFS('2a. Database N flows'!$N:$N,'2a. Database N flows'!$D:$D,'3.1.a Input Output Matrix'!$D18,'2a. Database N flows'!$G:$G,'3.1.a Input Output Matrix'!J$10,'2a. Database N flows'!$P:$P,$B$3,'2a. Database N flows'!$M:$M,'3.1.a Input Output Matrix'!$B$4),SUMIFS('2a. Database N flows'!$N:$N,'2a. Database N flows'!$D:$D,'3.1.a Input Output Matrix'!$D18,'2a. Database N flows'!$G:$G,'3.1.a Input Output Matrix'!J$10,'2a. Database N flows'!$P:$P,$B$3)) | K18: =IF($B$4<>"Ntot",SUMIFS('2a. Database N flows'!$N:$N,'2a. Database N flows'!$D:$D,'3.1.a Input Output Matrix'!$D18,'2a. Database N flows'!$G:$G,'3.1.a Input Output Matrix'!K$10,'2a. Database N flows'!$P:$P,$B$3,'2a. Database N flows'!$M:$M,'3.1.a Input Output Matrix'!$B$4),SUMIFS('2a. Database N flows'!$N:$N,'2a. Database N flows'!$D:$D,'3.1.a Input Output Matrix'!$D18,'2a. Database N flows'!$G:$G,'3.1.a Input Output Matrix'!K$10,'2a. Database N flows'!$P:$P,$B$3)) | L18: =IF($B$4<>"Ntot",SUMIFS('2a. Database N flows'!$N:$N,'2a. Database N flows'!$D:$D,'3.1.a Input Output Matrix'!$D18,'2a. Database N flows'!$G:$G,'3.1.a Input Output Matrix'!L$10,'2a. Database N flows'!$P:$P,$B$3,'2a. Database N flows'!$M:$M,'3.1.a Input Output Matrix'!$B$4),SUMIFS('2a. Database N flows'!$N:$N,'2a. Database N flows'!$D:$D,'3.1.a Input Output Matrix'!$D18,'2a. Database N flows'!$G:$G,'3.1.a Input Output Matrix'!L$10,'2a. Database N flows'!$P:$P,$B$3)) | M18: =IF($B$4<>"Ntot",SUMIFS('2a. Database N flows'!$N:$N,'2a. Database N flows'!$D:$D,'3.1.a Input Output Matrix'!$D18,'2a. Database N flows'!$G:$G,'3.1.a Input Output Matrix'!M$10,'2a. Database N flows'!$P:$P,$B$3,'2a. Database N flows'!$M:$M,'3.1.a Input Output Matrix'!$B$4),SUMIFS('2a. Database N flows'!$N:$N,'2a. Database N flows'!$D:$D,'3.1.a Input Output Matrix'!$D18,'2a. Database N flows'!$G:$G,'3.1.a Input Output Matrix'!M$10,'2a. Database N flows'!$P:$P,$B$3)) | N18: =SUM(E18:M18) | O18: kt N
D19: RW | E19: =IF($B$4<>"Ntot",SUMIFS('2a. Database N flows'!$N:$N,'2a. Database N flows'!$D:$D,'3.1.a Input Output Matrix'!$D19,'2a. Database N flows'!$G:$G,'3.1.a Input Output Matrix'!E$10,'2a. Database N flows'!$P:$P,$B$3,'2a. Database N flows'!$M:$M,'3.1.a Input Output Matrix'!$B$4),SUMIFS('2a. Database N flows'!$N:$N,'2a. Database N flows'!$D:$D,'3.1.a Input Output Matrix'!$D19,'2a. Database N flows'!$G:$G,'3.1.a Input Output Matrix'!E$10,'2a. Database N flows'!$P:$P,$B$3)) | F19: =IF($B$4<>"Ntot",SUMIFS('2a. Database N flows'!$N:$N,'2a. Database N flows'!$D:$D,'3.1.a Input Output Matrix'!$D19,'2a. Database N flows'!$G:$G,'3.1.a Input Output Matrix'!F$10,'2a. Database N flows'!$P:$P,$B$3,'2a. Database N flows'!$M:$M,'3.1.a Input Output Matrix'!$B$4),SUMIFS('2a. Database N flows'!$N:$N,'2a. Database N flows'!$D:$D,'3.1.a Input Output Matrix'!$D19,'2a. Database N flows'!$G:$G,'3.1.a Input Output Matrix'!F$10,'2a. Database N flows'!$P:$P,$B$3)) | G19: =IF($B$4<>"Ntot",SUMIFS('2a. Database N flows'!$N:$N,'2a. Database N flows'!$D:$D,'3.1.a Input Output Matrix'!$D19,'2a. Database N flows'!$G:$G,'3.1.a Input Output Matrix'!G$10,'2a. Database N flows'!$P:$P,$B$3,'2a. Database N flows'!$M:$M,'3.1.a Input Output Matrix'!$B$4),SUMIFS('2a. Database N flows'!$N:$N,'2a. Database N flows'!$D:$D,'3.1.a Input Output Matrix'!$D19,'2a. Database N flows'!$G:$G,'3.1.a Input Output Matrix'!G$10,'2a. Database N flows'!$P:$P,$B$3)) | H19: =IF($B$4<>"Ntot",SUMIFS('2a. Database N flows'!$N:$N,'2a. Database N flows'!$D:$D,'3.1.a Input Output Matrix'!$D19,'2a. Database N flows'!$G:$G,'3.1.a Input Output Matrix'!H$10,'2a. Database N flows'!$P:$P,$B$3,'2a. Database N flows'!$M:$M,'3.1.a Input Output Matrix'!$B$4),SUMIFS('2a. Database N flows'!$N:$N,'2a. Database N flows'!$D:$D,'3.1.a Input Output Matrix'!$D19,'2a. Database N flows'!$G:$G,'3.1.a Input Output Matrix'!H$10,'2a. Database N flows'!$P:$P,$B$3)) | I19: =IF($B$4<>"Ntot",SUMIFS('2a. Database N flows'!$N:$N,'2a. Database N flows'!$D:$D,'3.1.a Input Output Matrix'!$D19,'2a. Database N flows'!$G:$G,'3.1.a Input Output Matrix'!I$10,'2a. Database N flows'!$P:$P,$B$3,'2a. Database N flows'!$M:$M,'3.1.a Input Output Matrix'!$B$4),SUMIFS('2a. Database N flows'!$N:$N,'2a. Database N flows'!$D:$D,'3.1.a Input Output Matrix'!$D19,'2a. Database N flows'!$G:$G,'3.1.a Input Output Matrix'!I$10,'2a. Database N flows'!$P:$P,$B$3)) | J19: =IF($B$4<>"Ntot",SUMIFS('2a. Database N flows'!$N:$N,'2a. Database N flows'!$D:$D,'3.1.a Input Output Matrix'!$D19,'2a. Database N flows'!$G:$G,'3.1.a Input Output Matrix'!J$10,'2a. Database N flows'!$P:$P,$B$3,'2a. Database N flows'!$M:$M,'3.1.a Input Output Matrix'!$B$4),SUMIFS('2a. Database N flows'!$N:$N,'2a. Database N flows'!$D:$D,'3.1.a Input Output Matrix'!$D19,'2a. Database N flows'!$G:$G,'3.1.a Input Output Matrix'!J$10,'2a. Database N flows'!$P:$P,$B$3)) | K19: =IF($B$4<>"Ntot",SUMIFS('2a. Database N flows'!$N:$N,'2a. Database N flows'!$D:$D,'3.1.a Input Output Matrix'!$D19,'2a. Database N flows'!$G:$G,'3.1.a Input Output Matrix'!K$10,'2a. Database N flows'!$P:$P,$B$3,'2a. Database N flows'!$M:$M,'3.1.a Input Output Matrix'!$B$4),SUMIFS('2a. Database N flows'!$N:$N,'2a. Database N flows'!$D:$D,'3.1.a Input Output Matrix'!$D19,'2a. Database N flows'!$G:$G,'3.1.a Input Output Matrix'!K$10,'2a. Database N flows'!$P:$P,$B$3)) | L19: =IF($B$4<>"Ntot",SUMIFS('2a. Database N flows'!$N:$N,'2a. Database N flows'!$D:$D,'3.1.a Input Output Matrix'!$D19,'2a. Database N flows'!$G:$G,'3.1.a Input Output Matrix'!L$10,'2a. Database N flows'!$P:$P,$B$3,'2a. Database N flows'!$M:$M,'3.1.a Input Output Matrix'!$B$4),SUMIFS('2a. Database N flows'!$N:$N,'2a. Database N flows'!$D:$D,'3.1.a Input Output Matrix'!$D19,'2a. Database N flows'!$G:$G,'3.1.a Input Output Matrix'!L$10,'2a. Database N flows'!$P:$P,$B$3)) | M19: =IF($B$4<>"Ntot",SUMIFS('2a. Database N flows'!$N:$N,'2a. Database N flows'!$D:$D,'3.1.a Input Output Matrix'!$D19,'2a. Database N flows'!$G:$G,'3.1.a Input Output Matrix'!M$10,'2a. Database N flows'!$P:$P,$B$3,'2a. Database N flows'!$M:$M,'3.1.a Input Output Matrix'!$B$4),SUMIFS('2a. Database N flows'!$N:$N,'2a. Database N flows'!$D:$D,'3.1.a Input Output Matrix'!$D19,'2a. Database N flows'!$G:$G,'3.1.a Input Output Matrix'!M$10,'2a. Database N flows'!$P:$P,$B$3)) | N19: =SUM(E19:M19) | O19: kt N
D20: Total kt N | E20: =SUM(E11:E19) | F20: =SUM(F11:F19) | G20: =SUM(G11:G19) | H20: =SUM(H11:H19) | I20: =SUM(I11:I19) | J20: =SUM(J11:J19) | K20: =SUM(K11:K19) | L20: =SUM(L11:L19) | M20: =SUM(M11:M19)
A22: Total inputs and outputs per subpool in kt N
A23: The automatic color scheme of the background indicates high input-output values (dark green) and low input-output values (light green)
E24: Sub-pool In
E25: EF | F25: EF | G25: EF | H25: EF | I25: MP | J25: MP | K25: AG | L25: AG | M25: AG | N25: FS | O25: FS | P25: FS | Q25: PR | R25: PR | S25: HS | T25: HY | U25: HY | V25: HY | W25: HY | X25: AT | Y25: RW
E26: EC | F26: IC | G26: TR | H26: OE | I26: FP | J26: OP | K26: MM | L26: SM | M26: BC | N26: FO | O26: OL | P26: WL | Q26: SO | R26: WW | S26: HS | T26: GW | U26: SW | V26: CW | W26: AC | X26: AT | Y26: RW | Z26: Total kt N
B27: Sub-pool Out | C27: EF | D27: EC | E27: =IF($B$4<>"Ntot",SUMIFS('2a. Database N flows'!$N:$N,'2a. Database N flows'!$D:$D,'3.1.a Input Output Matrix'!$C27,'2a. Database N flows'!$E:$E,'3.1.a Input Output Matrix'!$D27,'2a. Database N flows'!$G:$G,'3.1.a Input Output Matrix'!E$25,'2a. Database N flows'!$H:$H,'3.1.a Input Output Matrix'!E$26,'2a. Database N flows'!$P:$P,$B$3,'2a. Database N flows'!$M:$M,$B$4),SUMIFS('2a. Database N flows'!$N:$N,'2a. Database N flows'!$D:$D,'3.1.a Input Output Matrix'!$C27,'2a. Database N flows'!$E:$E,'3.1.a Input Output Matrix'!$D27,'2a. Database N flows'!$G:$G,'3.1.a Input Output Matrix'!E$25,'2a. Database N flows'!$H:$H,'3.1.a Input Output Matrix'!E$26,'2a. Database N flows'!$P:$P,$B$3)) | F27: =IF($B$4<>"Ntot",SUMIFS('2a. Database N flows'!$N:$N,'2a. Database N flows'!$D:$D,'3.1.a Input Output Matrix'!$C27,'2a. Database N flows'!$E:$E,'3.1.a Input Output Matrix'!$D27,'2a. Database N flows'!$G:$G,'3.1.a Input Output Matrix'!F$25,'2a. Database N flows'!$H:$H,'3.1.a Input Output Matrix'!F$26,'2a. Database N flows'!$P:$P,$B$3,'2a. Database N flows'!$M:$M,$B$4),SUMIFS('2a. Database N flows'!$N:$N,'2a. Database N flows'!$D:$D,'3.1.a Input Output Matrix'!$C27,'2a. Database N flows'!$E:$E,'3.1.a Input Output Matrix'!$D27,'2a. Database N flows'!$G:$G,'3.1.a Input Output Matrix'!F$25,'2a. Database N flows'!$H:$H,'3.1.a Input Output Matrix'!F$26,'2a. Database N flows'!$P:$P,$B$3)) | G27: =IF($B$4<>"Ntot",SUMIFS('2a. Database N flows'!$N:$N,'2a. Database N flows'!$D:$D,'3.1.a Input Output Matrix'!$C27,'2a. Database N flows'!$E:$E,'3.1.a Input Output Matrix'!$D27,'2a. Database N flows'!$G:$G,'3.1.a Input Output Matrix'!G$25,'2a. Database N flows'!$H:$H,'3.1.a Input Output Matrix'!G$26,'2a. Database N flows'!$P:$P,$B$3,'2a. Database N flows'!$M:$M,$B$4),SUMIFS('2a. Database N flows'!$N:$N,'2a. Database N flows'!$D:$D,'3.1.a Input Output Matrix'!$C27,'2a. Database N flows'!$E:$E,'3.1.a Input Output Matrix'!$D27,'2a. Database N flows'!$G:$G,'3.1.a Input Output Matrix'!G$25,'2a. Database N flows'!$H:$H,'3.1.a Input Output Matrix'!G$26,'2a. Database N flows'!$P:$P,$B$3)) | H27: =IF($B$4<>"Ntot",SUMIFS('2a. Database N flows'!$N:$N,'2a. Database N flows'!$D:$D,'3.1.a Input Output Matrix'!$C27,'2a. Database N flows'!$E:$E,'3.1.a Input Output Matrix'!$D27,'2a. Database N flows'!$G:$G,'3.1.a Input Output Matrix'!H$25,'2a. Database N flows'!$H:$H,'3.1.a Input Output Matrix'!H$26,'2a. Database N flows'!$P:$P,$B$3,'2a. Database N flows'!$M:$M,$B$4),SUMIFS('2a. Database N flows'!$N:$N,'2a. Database N flows'!$D:$D,'3.1.a Input Output Matrix'!$C27,'2a. Database N flows'!$E:$E,'3.1.a Input Output Matrix'!$D27,'2a. Database N flows'!$G:$G,'3.1.a Input Output Matrix'!H$25,'2a. Database N flows'!$H:$H,'3.1.a Input Output Matrix'!H$26,'2a. Database N flows'!$P:$P,$B$3)) | I27: =IF($B$4<>"Ntot",SUMIFS('2a. Database N flows'!$N:$N,'2a. Database N flows'!$D:$D,'3.1.a Input Output Matrix'!$C27,'2a. Database N flows'!$E:$E,'3.1.a Input Output Matrix'!$D27,'2a. Database N flows'!$G:$G,'3.1.a Input Output Matrix'!I$25,'2a. Database N flows'!$H:$H,'3.1.a Input Output Matrix'!I$26,'2a. Database N flows'!$P:$P,$B$3,'2a. Database N flows'!$M:$M,$B$4),SUMIFS('2a. Database N flows'!$N:$N,'2a. Database N flows'!$D:$D,'3.1.a Input Output Matrix'!$C27,'2a. Database N flows'!$E:$E,'3.1.a Input Output Matrix'!$D27,'2a. Database N flows'!$G:$G,'3.1.a Input Output Matrix'!I$25,'2a. Database N flows'!$H:$H,'3.1.a Input Output Matrix'!I$26,'2a. Database N flows'!$P:$P,$B$3)) | J27: =IF($B$4<>"Ntot",SUMIFS('2a. Database N flows'!$N:$N,'2a. Database N flows'!$D:$D,'3.1.a Input Output Matrix'!$C27,'2a. Database N flows'!$E:$E,'3.1.a Input Output Matrix'!$D27,'2a. Database N flows'!$G:$G,'3.1.a Input Output Matrix'!J$25,'2a. Database N flows'!$H:$H,'3.1.a Input Output Matrix'!J$26,'2a. Database N flows'!$P:$P,$B$3,'2a. Database N flows'!$M:$M,$B$4),SUMIFS('2a. Database N flows'!$N:$N,'2a. Database N flows'!$D:$D,'3.1.a Input Output Matrix'!$C27,'2a. Database N flows'!$E:$E,'3.1.a Input Output Matrix'!$D27,'2a. Database N flows'!$G:$G,'3.1.a Input Output Matrix'!J$25,'2a. Database N flows'!$H:$H,'3.1.a Input Output Matrix'!J$26,'2a. Database N flows'!$P:$P,$B$3)) | K27: =IF($B$4<>"Ntot",SUMIFS('2a. Database N flows'!$N:$N,'2a. Database N flows'!$D:$D,'3.1.a Input Output Matrix'!$C27,'2a. Database N flows'!$E:$E,'3.1.a Input Output Matrix'!$D27,'2a. Database N flows'!$G:$G,'3.1.a Input Output Matrix'!K$25,'2a. Database N flows'!$H:$H,'3.1.a Input Output Matrix'!K$26,'2a. Database N flows'!$P:$P,$B$3,'2a. Database N flows'!$M:$M,$B$4),SUMIFS('2a. Database N flows'!$N:$N,'2a. Database N flows'!$D:$D,'3.1.a Input Output Matrix'!$C27,'2a. Database N flows'!$E:$E,'3.1.a Input Output Matrix'!$D27,'2a. Database N flows'!$G:$G,'3.1.a Input Output Matrix'!K$25,'2a. Database N flows'!$H:$H,'3.1.a Input Output Matrix'!K$26,'2a. Database N flows'!$P:$P,$B$3)) | L27: =IF($B$4<>"Ntot",SUMIFS('2a. Database N flows'!$N:$N,'2a. Database N flows'!$D:$D,'3.1.a Input Output Matrix'!$C27,'2a. Database N flows'!$E:$E,'3.1.a Input Output Matrix'!$D27,'2a. Database N flows'!$G:$G,'3.1.a Input Output Matrix'!L$25,'2a. Database N flows'!$H:$H,'3.1.a Input Output Matrix'!L$26,'2a. Database N flows'!$P:$P,$B$3,'2a. Database N flows'!$M:$M,$B$4),SUMIFS('2a. Database N flows'!$N:$N,'2a. Database N flows'!$D:$D,'3.1.a Input Output Matrix'!$C27,'2a. Database N flows'!$E:$E,'3.1.a Input Output Matrix'!$D27,'2a. Database N flows'!$G:$G,'3.1.a Input Output Matrix'!L$25,'2a. Database N flows'!$H:$H,'3.1.a Input Output Matrix'!L$26,'2a. Database N flows'!$P:$P,$B$3)) | ... Y27: =IF($B$4<>"Ntot",SUMIFS('2a. Database N flows'!$N:$N,'2a. Database N flows'!$D:$D,'3.1.a Input Output Matrix'!$C27,'2a. Database N flows'!$E:$E,'3.1.a Input Output Matrix'!$D27,'2a. Database N flows'!$G:$G,'3.1.a Input Output Matrix'!Y$25,'2a. Database N flows'!$H:$H,'3.1.a Input Output Matrix'!Y$26,'2a. Database N flows'!$P:$P,$B$3,'2a. Database N flows'!$M:$M,$B$4),SUMIFS('2a. Database N flows'!$N:$N,'2a. Database N flows'!$D:$D,'3.1.a Input Output Matrix'!$C27,'2a. Database N flows'!$E:$E,'3.1.a Input Output Matrix'!$D27,'2a. Database N flows'!$G:$G,'3.1.a Input Output Matrix'!Y$25,'2a. Database N flows'!$H:$H,'3.1.a Input Output Matrix'!Y$26,'2a. Database N flows'!$P:$P,$B$3)) | Z27: =SUM(E27:Y27) | AA27: kt N
C28: EF | D28: IC | E28: =IF($B$4<>"Ntot",SUMIFS('2a. Database N flows'!$N:$N,'2a. Database N flows'!$D:$D,'3.1.a Input Output Matrix'!$C28,'2a. Database N flows'!$E:$E,'3.1.a Input Output Matrix'!$D28,'2a. Database N flows'!$G:$G,'3.1.a Input Output Matrix'!E$25,'2a. Database N flows'!$H:$H,'3.1.a Input Output Matrix'!E$26,'2a. Database N flows'!$P:$P,$B$3,'2a. Database N flows'!$M:$M,$B$4),SUMIFS('2a. Database N flows'!$N:$N,'2a. Database N flows'!$D:$D,'3.1.a Input Output Matrix'!$C28,'2a. Database N flows'!$E:$E,'3.1.a Input Output Matrix'!$D28,'2a. Database N flows'!$G:$G,'3.1.a Input Output Matrix'!E$25,'2a. Database N flows'!$H:$H,'3.1.a Input Output Matrix'!E$26,'2a. Database N flows'!$P:$P,$B$3)) | F28: =IF($B$4<>"Ntot",SUMIFS('2a. Database N flows'!$N:$N,'2a. Database N flows'!$D:$D,'3.1.a Input Output Matrix'!$C28,'2a. Database N flows'!$E:$E,'3.1.a Input Output Matrix'!$D28,'2a. Database N flows'!$G:$G,'3.1.a Input Output Matrix'!F$25,'2a. Database N flows'!$H:$H,'3.1.a Input Output Matrix'!F$26,'2a. Database N flows'!$P:$P,$B$3,'2a. Database N flows'!$M:$M,$B$4),SUMIFS('2a. Database N flows'!$N:$N,'2a. Database N flows'!$D:$D,'3.1.a Input Output Matrix'!$C28,'2a. Database N flows'!$E:$E,'3.1.a Input Output Matrix'!$D28,'2a. Database N flows'!$G:$G,'3.1.a Input Output Matrix'!F$25,'2a. Database N flows'!$H:$H,'3.1.a Input Output Matrix'!F$26,'2a. Database N flows'!$P:$P,$B$3)) | G28: =IF($B$4<>"Ntot",SUMIFS('2a. Database N flows'!$N:$N,'2a. Database N flows'!$D:$D,'3.1.a Input Output Matrix'!$C28,'2a. Database N flows'!$E:$E,'3.1.a Input Output Matrix'!$D28,'2a. Database N flows'!$G:$G,'3.1.a Input Output Matrix'!G$25,'2a. Database N flows'!$H:$H,'3.1.a Input Output Matrix'!G$26,'2a. Database N flows'!$P:$P,$B$3,'2a. Database N flows'!$M:$M,$B$4),SUMIFS('2a. Database N flows'!$N:$N,'2a. Database N flows'!$D:$D,'3.1.a Input Output Matrix'!$C28,'2a. Database N flows'!$E:$E,'3.1.a Input Output Matrix'!$D28,'2a. Database N flows'!$G:$G,'3.1.a Input Output Matrix'!G$25,'2a. Database N flows'!$H:$H,'3.1.a Input Output Matrix'!G$26,'2a. Database N flows'!$P:$P,$B$3)) | H28: =IF($B$4<>"Ntot",SUMIFS('2a. Database N flows'!$N:$N,'2a. Database N flows'!$D:$D,'3.1.a Input Output Matrix'!$C28,'2a. Database N flows'!$E:$E,'3.1.a Input Output Matrix'!$D28,'2a. Database N flows'!$G:$G,'3.1.a Input Output Matrix'!H$25,'2a. Database N flows'!$H:$H,'3.1.a Input Output Matrix'!H$26,'2a. Database N flows'!$P:$P,$B$3,'2a. Database N flows'!$M:$M,$B$4),SUMIFS('2a. Database N flows'!$N:$N,'2a. Database N flows'!$D:$D,'3.1.a Input Output Matrix'!$C28,'2a. Database N flows'!$E:$E,'3.1.a Input Output Matrix'!$D28,'2a. Database N flows'!$G:$G,'3.1.a Input Output Matrix'!H$25,'2a. Database N flows'!$H:$H,'3.1.a Input Output Matrix'!H$26,'2a. Database N flows'!$P:$P,$B$3)) | I28: =IF($B$4<>"Ntot",SUMIFS('2a. Database N flows'!$N:$N,'2a. Database N flows'!$D:$D,'3.1.a Input Output Matrix'!$C28,'2a. Database N flows'!$E:$E,'3.1.a Input Output Matrix'!$D28,'2a. Database N flows'!$G:$G,'3.1.a Input Output Matrix'!I$25,'2a. Database N flows'!$H:$H,'3.1.a Input Output Matrix'!I$26,'2a. Database N flows'!$P:$P,$B$3,'2a. Database N flows'!$M:$M,$B$4),SUMIFS('2a. Database N flows'!$N:$N,'2a. Database N flows'!$D:$D,'3.1.a Input Output Matrix'!$C28,'2a. Database N flows'!$E:$E,'3.1.a Input Output Matrix'!$D28,'2a. Database N flows'!$G:$G,'3.1.a Input Output Matrix'!I$25,'2a. Database N flows'!$H:$H,'3.1.a Input Output Matrix'!I$26,'2a. Database N flows'!$P:$P,$B$3)) | J28: =IF($B$4<>"Ntot",SUMIFS('2a. Database N flows'!$N:$N,'2a. Database N flows'!$D:$D,'3.1.a Input Output Matrix'!$C28,'2a. Database N flows'!$E:$E,'3.1.a Input Output Matrix'!$D28,'2a. Database N flows'!$G:$G,'3.1.a Input Output Matrix'!J$25,'2a. Database N flows'!$H:$H,'3.1.a Input Output Matrix'!J$26,'2a. Database N flows'!$P:$P,$B$3,'2a. Database N flows'!$M:$M,$B$4),SUMIFS('2a. Database N flows'!$N:$N,'2a. Database N flows'!$D:$D,'3.1.a Input Output Matrix'!$C28,'2a. Database N flows'!$E:$E,'3.1.a Input Output Matrix'!$D28,'2a. Database N flows'!$G:$G,'3.1.a Input Output Matrix'!J$25,'2a. Database N flows'!$H:$H,'3.1.a Input Output Matrix'!J$26,'2a. Database N flows'!$P:$P,$B$3)) | K28: =IF($B$4<>"Ntot",SUMIFS('2a. Database N flows'!$N:$N,'2a. Database N flows'!$D:$D,'3.1.a Input Output Matrix'!$C28,'2a. Database N flows'!$E:$E,'3.1.a Input Output Matrix'!$D28,'2a. Database N flows'!$G:$G,'3.1.a Input Output Matrix'!K$25,'2a. Database N flows'!$H:$H,'3.1.a Input Output Matrix'!K$26,'2a. Database N flows'!$P:$P,$B$3,'2a. Database N flows'!$M:$M,$B$4),SUMIFS('2a. Database N flows'!$N:$N,'2a. Database N flows'!$D:$D,'3.1.a Input Output Matrix'!$C28,'2a. Database N flows'!$E:$E,'3.1.a Input Output Matrix'!$D28,'2a. Database N flows'!$G:$G,'3.1.a Input Output Matrix'!K$25,'2a. Database N flows'!$H:$H,'3.1.a Input Output Matrix'!K$26,'2a. Database N flows'!$P:$P,$B$3)) | L28: =IF($B$4<>"Ntot",SUMIFS('2a. Database N flows'!$N:$N,'2a. Database N flows'!$D:$D,'3.1.a Input Output Matrix'!$C28,'2a. Database N flows'!$E:$E,'3.1.a Input Output Matrix'!$D28,'2a. Database N flows'!$G:$G,'3.1.a Input Output Matrix'!L$25,'2a. Database N flows'!$H:$H,'3.1.a Input Output Matrix'!L$26,'2a. Database N flows'!$P:$P,$B$3,'2a. Database N flows'!$M:$M,$B$4),SUMIFS('2a. Database N flows'!$N:$N,'2a. Database N flows'!$D:$D,'3.1.a Input Output Matrix'!$C28,'2a. Database N flows'!$E:$E,'3.1.a Input Output Matrix'!$D28,'2a. Database N flows'!$G:$G,'3.1.a Input Output Matrix'!L$25,'2a. Database N flows'!$H:$H,'3.1.a Input Output Matrix'!L$26,'2a. Database N flows'!$P:$P,$B$3)) | ... Y28: =IF($B$4<>"Ntot",SUMIFS('2a. Database N flows'!$N:$N,'2a. Database N flows'!$D:$D,'3.1.a Input Output Matrix'!$C28,'2a. Database N flows'!$E:$E,'3.1.a Input Output Matrix'!$D28,'2a. Database N flows'!$G:$G,'3.1.a Input Output Matrix'!Y$25,'2a. Database N flows'!$H:$H,'3.1.a Input Output Matrix'!Y$26,'2a. Database N flows'!$P:$P,$B$3,'2a. Database N flows'!$M:$M,$B$4),SUMIFS('2a. Database N flows'!$N:$N,'2a. Database N flows'!$D:$D,'3.1.a Input Output Matrix'!$C28,'2a. Database N flows'!$E:$E,'3.1.a Input Output Matrix'!$D28,'2a. Database N flows'!$G:$G,'3.1.a Input Output Matrix'!Y$25,'2a. Database N flows'!$H:$H,'3.1.a Input Output Matrix'!Y$26,'2a. Database N flows'!$P:$P,$B$3)) | Z28: =SUM(E28:Y28) | AA28: kt N
C29: EF | D29: TR | E29: =IF($B$4<>"Ntot",SUMIFS('2a. Database N flows'!$N:$N,'2a. Database N flows'!$D:$D,'3.1.a Input Output Matrix'!$C29,'2a. Database N flows'!$E:$E,'3.1.a Input Output Matrix'!$D29,'2a. Database N flows'!$G:$G,'3.1.a Input Output Matrix'!E$25,'2a. Database N flows'!$H:$H,'3.1.a Input Output Matrix'!E$26,'2a. Database N flows'!$P:$P,$B$3,'2a. Database N flows'!$M:$M,$B$4),SUMIFS('2a. Database N flows'!$N:$N,'2a. Database N flows'!$D:$D,'3.1.a Input Output Matrix'!$C29,'2a. Database N flows'!$E:$E,'3.1.a Input Output Matrix'!$D29,'2a. Database N flows'!$G:$G,'3.1.a Input Output Matrix'!E$25,'2a. Database N flows'!$H:$H,'3.1.a Input Output Matrix'!E$26,'2a. Database N flows'!$P:$P,$B$3)) | F29: =IF($B$4<>"Ntot",SUMIFS('2a. Database N flows'!$N:$N,'2a. Database N flows'!$D:$D,'3.1.a Input Output Matrix'!$C29,'2a. Database N flows'!$E:$E,'3.1.a Input Output Matrix'!$D29,'2a. Database N flows'!$G:$G,'3.1.a Input Output Matrix'!F$25,'2a. Database N flows'!$H:$H,'3.1.a Input Output Matrix'!F$26,'2a. Database N flows'!$P:$P,$B$3,'2a. Database N flows'!$M:$M,$B$4),SUMIFS('2a. Database N flows'!$N:$N,'2a. Database N flows'!$D:$D,'3.1.a Input Output Matrix'!$C29,'2a. Database N flows'!$E:$E,'3.1.a Input Output Matrix'!$D29,'2a. Database N flows'!$G:$G,'3.1.a Input Output Matrix'!F$25,'2a. Database N flows'!$H:$H,'3.1.a Input Output Matrix'!F$26,'2a. Database N flows'!$P:$P,$B$3)) | G29: =IF($B$4<>"Ntot",SUMIFS('2a. Database N flows'!$N:$N,'2a. Database N flows'!$D:$D,'3.1.a Input Output Matrix'!$C29,'2a. Database N flows'!$E:$E,'3.1.a Input Output Matrix'!$D29,'2a. Database N flows'!$G:$G,'3.1.a Input Output Matrix'!G$25,'2a. Database N flows'!$H:$H,'3.1.a Input Output Matrix'!G$26,'2a. Database N flows'!$P:$P,$B$3,'2a. Database N flows'!$M:$M,$B$4),SUMIFS('2a. Database N flows'!$N:$N,'2a. Database N flows'!$D:$D,'3.1.a Input Output Matrix'!$C29,'2a. Database N flows'!$E:$E,'3.1.a Input Output Matrix'!$D29,'2a. Database N flows'!$G:$G,'3.1.a Input Output Matrix'!G$25,'2a. Database N flows'!$H:$H,'3.1.a Input Output Matrix'!G$26,'2a. Database N flows'!$P:$P,$B$3)) | H29: =IF($B$4<>"Ntot",SUMIFS('2a. Database N flows'!$N:$N,'2a. Database N flows'!$D:$D,'3.1.a Input Output Matrix'!$C29,'2a. Database N flows'!$E:$E,'3.1.a Input Output Matrix'!$D29,'2a. Database N flows'!$G:$G,'3.1.a Input Output Matrix'!H$25,'2a. Database N flows'!$H:$H,'3.1.a Input Output Matrix'!H$26,'2a. Database N flows'!$P:$P,$B$3,'2a. Database N flows'!$M:$M,$B$4),SUMIFS('2a. Database N flows'!$N:$N,'2a. Database N flows'!$D:$D,'3.1.a Input Output Matrix'!$C29,'2a. Database N flows'!$E:$E,'3.1.a Input Output Matrix'!$D29,'2a. Database N flows'!$G:$G,'3.1.a Input Output Matrix'!H$25,'2a. Database N flows'!$H:$H,'3.1.a Input Output Matrix'!H$26,'2a. Database N flows'!$P:$P,$B$3)) | I29: =IF($B$4<>"Ntot",SUMIFS('2a. Database N flows'!$N:$N,'2a. Database N flows'!$D:$D,'3.1.a Input Output Matrix'!$C29,'2a. Database N flows'!$E:$E,'3.1.a Input Output Matrix'!$D29,'2a. Database N flows'!$G:$G,'3.1.a Input Output Matrix'!I$25,'2a. Database N flows'!$H:$H,'3.1.a Input Output Matrix'!I$26,'2a. Database N flows'!$P:$P,$B$3,'2a. Database N flows'!$M:$M,$B$4),SUMIFS('2a. Database N flows'!$N:$N,'2a. Database N flows'!$D:$D,'3.1.a Input Output Matrix'!$C29,'2a. Database N flows'!$E:$E,'3.1.a Input Output Matrix'!$D29,'2a. Database N flows'!$G:$G,'3.1.a Input Output Matrix'!I$25,'2a. Database N flows'!$H:$H,'3.1.a Input Output Matrix'!I$26,'2a. Database N flows'!$P:$P,$B$3)) | J29: =IF($B$4<>"Ntot",SUMIFS('2a. Database N flows'!$N:$N,'2a. Database N flows'!$D:$D,'3.1.a Input Output Matrix'!$C29,'2a. Database N flows'!$E:$E,'3.1.a Input Output Matrix'!$D29,'2a. Database N flows'!$G:$G,'3.1.a Input Output Matrix'!J$25,'2a. Database N flows'!$H:$H,'3.1.a Input Output Matrix'!J$26,'2a. Database N flows'!$P:$P,$B$3,'2a. Database N flows'!$M:$M,$B$4),SUMIFS('2a. Database N flows'!$N:$N,'2a. Database N flows'!$D:$D,'3.1.a Input Output Matrix'!$C29,'2a. Database N flows'!$E:$E,'3.1.a Input Output Matrix'!$D29,'2a. Database N flows'!$G:$G,'3.1.a Input Output Matrix'!J$25,'2a. Database N flows'!$H:$H,'3.1.a Input Output Matrix'!J$26,'2a. Database N flows'!$P:$P,$B$3)) | K29: =IF($B$4<>"Ntot",SUMIFS('2a. Database N flows'!$N:$N,'2a. Database N flows'!$D:$D,'3.1.a Input Output Matrix'!$C29,'2a. Database N flows'!$E:$E,'3.1.a Input Output Matrix'!$D29,'2a. Database N flows'!$G:$G,'3.1.a Input Output Matrix'!K$25,'2a. Database N flows'!$H:$H,'3.1.a Input Output Matrix'!K$26,'2a. Database N flows'!$P:$P,$B$3,'2a. Database N flows'!$M:$M,$B$4),SUMIFS('2a. Database N flows'!$N:$N,'2a. Database N flows'!$D:$D,'3.1.a Input Output Matrix'!$C29,'2a. Database N flows'!$E:$E,'3.1.a Input Output Matrix'!$D29,'2a. Database N flows'!$G:$G,'3.1.a Input Output Matrix'!K$25,'2a. Database N flows'!$H:$H,'3.1.a Input Output Matrix'!K$26,'2a. Database N flows'!$P:$P,$B$3)) | L29: =IF($B$4<>"Ntot",SUMIFS('2a. Database N flows'!$N:$N,'2a. Database N flows'!$D:$D,'3.1.a Input Output Matrix'!$C29,'2a. Database N flows'!$E:$E,'3.1.a Input Output Matrix'!$D29,'2a. Database N flows'!$G:$G,'3.1.a Input Output Matrix'!L$25,'2a. Database N flows'!$H:$H,'3.1.a Input Output Matrix'!L$26,'2a. Database N flows'!$P:$P,$B$3,'2a. Database N flows'!$M:$M,$B$4),SUMIFS('2a. Database N flows'!$N:$N,'2a. Database N flows'!$D:$D,'3.1.a Input Output Matrix'!$C29,'2a. Database N flows'!$E:$E,'3.1.a Input Output Matrix'!$D29,'2a. Database N flows'!$G:$G,'3.1.a Input Output Matrix'!L$25,'2a. Database N flows'!$H:$H,'3.1.a Input Output Matrix'!L$26,'2a. Database N flows'!$P:$P,$B$3)) | ... Y29: =IF($B$4<>"Ntot",SUMIFS('2a. Database N flows'!$N:$N,'2a. Database N flows'!$D:$D,'3.1.a Input Output Matrix'!$C29,'2a. Database N flows'!$E:$E,'3.1.a Input Output Matrix'!$D29,'2a. Database N flows'!$G:$G,'3.1.a Input Output Matrix'!Y$25,'2a. Database N flows'!$H:$H,'3.1.a Input Output Matrix'!Y$26,'2a. Database N flows'!$P:$P,$B$3,'2a. Database N flows'!$M:$M,$B$4),SUMIFS('2a. Database N flows'!$N:$N,'2a. Database N flows'!$D:$D,'3.1.a Input Output Matrix'!$C29,'2a. Database N flows'!$E:$E,'3.1.a Input Output Matrix'!$D29,'2a. Database N flows'!$G:$G,'3.1.a Input Output Matrix'!Y$25,'2a. Database N flows'!$H:$H,'3.1.a Input Output Matrix'!Y$26,'2a. Database N flows'!$P:$P,$B$3)) | Z29: =SUM(E29:Y29) | AA29: kt N
C30: EF | D30: OE | E30: =IF($B$4<>"Ntot",SUMIFS('2a. Database N flows'!$N:$N,'2a. Database N flows'!$D:$D,'3.1.a Input Output Matrix'!$C30,'2a. Database N flows'!$E:$E,'3.1.a Input Output Matrix'!$D30,'2a. Database N flows'!$G:$G,'3.1.a Input Output Matrix'!E$25,'2a. Database N flows'!$H:$H,'3.1.a Input Output Matrix'!E$26,'2a. Database N flows'!$P:$P,$B$3,'2a. Database N flows'!$M:$M,$B$4),SUMIFS('2a. Database N flows'!$N:$N,'2a. Database N flows'!$D:$D,'3.1.a Input Output Matrix'!$C30,'2a. Database N flows'!$E:$E,'3.1.a Input Output Matrix'!$D30,'2a. Database N flows'!$G:$G,'3.1.a Input Output Matrix'!E$25,'2a. Database N flows'!$H:$H,'3.1.a Input Output Matrix'!E$26,'2a. Database N flows'!$P:$P,$B$3)) | F30: =IF($B$4<>"Ntot",SUMIFS('2a. Database N flows'!$N:$N,'2a. Database N flows'!$D:$D,'3.1.a Input Output Matrix'!$C30,'2a. Database N flows'!$E:$E,'3.1.a Input Output Matrix'!$D30,'2a. Database N flows'!$G:$G,'3.1.a Input Output Matrix'!F$25,'2a. Database N flows'!$H:$H,'3.1.a Input Output Matrix'!F$26,'2a. Database N flows'!$P:$P,$B$3,'2a. Database N flows'!$M:$M,$B$4),SUMIFS('2a. Database N flows'!$N:$N,'2a. Database N flows'!$D:$D,'3.1.a Input Output Matrix'!$C30,'2a. Database N flows'!$E:$E,'3.1.a Input Output Matrix'!$D30,'2a. Database N flows'!$G:$G,'3.1.a Input Output Matrix'!F$25,'2a. Database N flows'!$H:$H,'3.1.a Input Output Matrix'!F$26,'2a. Database N flows'!$P:$P,$B$3)) | G30: =IF($B$4<>"Ntot",SUMIFS('2a. Database N flows'!$N:$N,'2a. Database N flows'!$D:$D,'3.1.a Input Output Matrix'!$C30,'2a. Database N flows'!$E:$E,'3.1.a Input Output Matrix'!$D30,'2a. Database N flows'!$G:$G,'3.1.a Input Output Matrix'!G$25,'2a. Database N flows'!$H:$H,'3.1.a Input Output Matrix'!G$26,'2a. Database N flows'!$P:$P,$B$3,'2a. Database N flows'!$M:$M,$B$4),SUMIFS('2a. Database N flows'!$N:$N,'2a. Database N flows'!$D:$D,'3.1.a Input Output Matrix'!$C30,'2a. Database N flows'!$E:$E,'3.1.a Input Output Matrix'!$D30,'2a. Database N flows'!$G:$G,'3.1.a Input Output Matrix'!G$25,'2a. Database N flows'!$H:$H,'3.1.a Input Output Matrix'!G$26,'2a. Database N flows'!$P:$P,$B$3)) | H30: =IF($B$4<>"Ntot",SUMIFS('2a. Database N flows'!$N:$N,'2a. Database N flows'!$D:$D,'3.1.a Input Output Matrix'!$C30,'2a. Database N flows'!$E:$E,'3.1.a Input Output Matrix'!$D30,'2a. Database N flows'!$G:$G,'3.1.a Input Output Matrix'!H$25,'2a. Database N flows'!$H:$H,'3.1.a Input Output Matrix'!H$26,'2a. Database N flows'!$P:$P,$B$3,'2a. Database N flows'!$M:$M,$B$4),SUMIFS('2a. Database N flows'!$N:$N,'2a. Database N flows'!$D:$D,'3.1.a Input Output Matrix'!$C30,'2a. Database N flows'!$E:$E,'3.1.a Input Output Matrix'!$D30,'2a. Database N flows'!$G:$G,'3.1.a Input Output Matrix'!H$25,'2a. Database N flows'!$H:$H,'3.1.a Input Output Matrix'!H$26,'2a. Database N flows'!$P:$P,$B$3)) | I30: =IF($B$4<>"Ntot",SUMIFS('2a. Database N flows'!$N:$N,'2a. Database N flows'!$D:$D,'3.1.a Input Output Matrix'!$C30,'2a. Database N flows'!$E:$E,'3.1.a Input Output Matrix'!$D30,'2a. Database N flows'!$G:$G,'3.1.a Input Output Matrix'!I$25,'2a. Database N flows'!$H:$H,'3.1.a Input Output Matrix'!I$26,'2a. Database N flows'!$P:$P,$B$3,'2a. Database N flows'!$M:$M,$B$4),SUMIFS('2a. Database N flows'!$N:$N,'2a. Database N flows'!$D:$D,'3.1.a Input Output Matrix'!$C30,'2a. Database N flows'!$E:$E,'3.1.a Input Output Matrix'!$D30,'2a. Database N flows'!$G:$G,'3.1.a Input Output Matrix'!I$25,'2a. Database N flows'!$H:$H,'3.1.a Input Output Matrix'!I$26,'2a. Database N flows'!$P:$P,$B$3)) | J30: =IF($B$4<>"Ntot",SUMIFS('2a. Database N flows'!$N:$N,'2a. Database N flows'!$D:$D,'3.1.a Input Output Matrix'!$C30,'2a. Database N flows'!$E:$E,'3.1.a Input Output Matrix'!$D30,'2a. Database N flows'!$G:$G,'3.1.a Input Output Matrix'!J$25,'2a. Database N flows'!$H:$H,'3.1.a Input Output Matrix'!J$26,'2a. Database N flows'!$P:$P,$B$3,'2a. Database N flows'!$M:$M,$B$4),SUMIFS('2a. Database N flows'!$N:$N,'2a. Database N flows'!$D:$D,'3.1.a Input Output Matrix'!$C30,'2a. Database N flows'!$E:$E,'3.1.a Input Output Matrix'!$D30,'2a. Database N flows'!$G:$G,'3.1.a Input Output Matrix'!J$25,'2a. Database N flows'!$H:$H,'3.1.a Input Output Matrix'!J$26,'2a. Database N flows'!$P:$P,$B$3)) | K30: =IF($B$4<>"Ntot",SUMIFS('2a. Database N flows'!$N:$N,'2a. Database N flows'!$D:$D,'3.1.a Input Output Matrix'!$C30,'2a. Database N flows'!$E:$E,'3.1.a Input Output Matrix'!$D30,'2a. Database N flows'!$G:$G,'3.1.a Input Output Matrix'!K$25,'2a. Database N flows'!$H:$H,'3.1.a Input Output Matrix'!K$26,'2a. Database N flows'!$P:$P,$B$3,'2a. Database N flows'!$M:$M,$B$4),SUMIFS('2a. Database N flows'!$N:$N,'2a. Database N flows'!$D:$D,'3.1.a Input Output Matrix'!$C30,'2a. Database N flows'!$E:$E,'3.1.a Input Output Matrix'!$D30,'2a. Database N flows'!$G:$G,'3.1.a Input Output Matrix'!K$25,'2a. Database N flows'!$H:$H,'3.1.a Input Output Matrix'!K$26,'2a. Database N flows'!$P:$P,$B$3)) | L30: =IF($B$4<>"Ntot",SUMIFS('2a. Database N flows'!$N:$N,'2a. Database N flows'!$D:$D,'3.1.a Input Output Matrix'!$C30,'2a. Database N flows'!$E:$E,'3.1.a Input Output Matrix'!$D30,'2a. Database N flows'!$G:$G,'3.1.a Input Output Matrix'!L$25,'2a. Database N flows'!$H:$H,'3.1.a Input Output Matrix'!L$26,'2a. Database N flows'!$P:$P,$B$3,'2a. Database N flows'!$M:$M,$B$4),SUMIFS('2a. Database N flows'!$N:$N,'2a. Database N flows'!$D:$D,'3.1.a Input Output Matrix'!$C30,'2a. Database N flows'!$E:$E,'3.1.a Input Output Matrix'!$D30,'2a. Database N flows'!$G:$G,'3.1.a Input Output Matrix'!L$25,'2a. Database N flows'!$H:$H,'3.1.a Input Output Matrix'!L$26,'2a. Database N flows'!$P:$P,$B$3)) | ... Y30: =IF($B$4<>"Ntot",SUMIFS('2a. Database N flows'!$N:$N,'2a. Database N flows'!$D:$D,'3.1.a Input Output Matrix'!$C30,'2a. Database N flows'!$E:$E,'3.1.a Input Output Matrix'!$D30,'2a. Database N flows'!$G:$G,'3.1.a Input Output Matrix'!Y$25,'2a. Database N flows'!$H:$H,'3.1.a Input Output Matrix'!Y$26,'2a. Database N flows'!$P:$P,$B$3,'2a. Database N flows'!$M:$M,$B$4),SUMIFS('2a. Database N flows'!$N:$N,'2a. Database N flows'!$D:$D,'3.1.a Input Output Matrix'!$C30,'2a. Database N flows'!$E:$E,'3.1.a Input Output Matrix'!$D30,'2a. Database N flows'!$G:$G,'3.1.a Input Output Matrix'!Y$25,'2a. Database N flows'!$H:$H,'3.1.a Input Output Matrix'!Y$26,'2a. Database N flows'!$P:$P,$B$3)) | Z30: =SUM(E30:Y30) | AA30: kt N
C31: MP | D31: FP | E31: =IF($B$4<>"Ntot",SUMIFS('2a. Database N flows'!$N:$N,'2a. Database N flows'!$D:$D,'3.1.a Input Output Matrix'!$C31,'2a. Database N flows'!$E:$E,'3.1.a Input Output Matrix'!$D31,'2a. Database N flows'!$G:$G,'3.1.a Input Output Matrix'!E$25,'2a. Database N flows'!$H:$H,'3.1.a Input Output Matrix'!E$26,'2a. Database N flows'!$P:$P,$B$3,'2a. Database N flows'!$M:$M,$B$4),SUMIFS('2a. Database N flows'!$N:$N,'2a. Database N flows'!$D:$D,'3.1.a Input Output Matrix'!$C31,'2a. Database N flows'!$E:$E,'3.1.a Input Output Matrix'!$D31,'2a. Database N flows'!$G:$G,'3.1.a Input Output Matrix'!E$25,'2a. Database N flows'!$H:$H,'3.1.a Input Output Matrix'!E$26,'2a. Database N flows'!$P:$P,$B$3)) | F31: =IF($B$4<>"Ntot",SUMIFS('2a. Database N flows'!$N:$N,'2a. Database N flows'!$D:$D,'3.1.a Input Output Matrix'!$C31,'2a. Database N flows'!$E:$E,'3.1.a Input Output Matrix'!$D31,'2a. Database N flows'!$G:$G,'3.1.a Input Output Matrix'!F$25,'2a. Database N flows'!$H:$H,'3.1.a Input Output Matrix'!F$26,'2a. Database N flows'!$P:$P,$B$3,'2a. Database N flows'!$M:$M,$B$4),SUMIFS('2a. Database N flows'!$N:$N,'2a. Database N flows'!$D:$D,'3.1.a Input Output Matrix'!$C31,'2a. Database N flows'!$E:$E,'3.1.a Input Output Matrix'!$D31,'2a. Database N flows'!$G:$G,'3.1.a Input Output Matrix'!F$25,'2a. Database N flows'!$H:$H,'3.1.a Input Output Matrix'!F$26,'2a. Database N flows'!$P:$P,$B$3)) | G31: =IF($B$4<>"Ntot",SUMIFS('2a. Database N flows'!$N:$N,'2a. Database N flows'!$D:$D,'3.1.a Input Output Matrix'!$C31,'2a. Database N flows'!$E:$E,'3.1.a Input Output Matrix'!$D31,'2a. Database N flows'!$G:$G,'3.1.a Input Output Matrix'!G$25,'2a. Database N flows'!$H:$H,'3.1.a Input Output Matrix'!G$26,'2a. Database N flows'!$P:$P,$B$3,'2a. Database N flows'!$M:$M,$B$4),SUMIFS('2a. Database N flows'!$N:$N,'2a. Database N flows'!$D:$D,'3.1.a Input Output Matrix'!$C31,'2a. Database N flows'!$E:$E,'3.1.a Input Output Matrix'!$D31,'2a. Database N flows'!$G:$G,'3.1.a Input Output Matrix'!G$25,'2a. Database N flows'!$H:$H,'3.1.a Input Output Matrix'!G$26,'2a. Database N flows'!$P:$P,$B$3)) | H31: =IF($B$4<>"Ntot",SUMIFS('2a. Database N flows'!$N:$N,'2a. Database N flows'!$D:$D,'3.1.a Input Output Matrix'!$C31,'2a. Database N flows'!$E:$E,'3.1.a Input Output Matrix'!$D31,'2a. Database N flows'!$G:$G,'3.1.a Input Output Matrix'!H$25,'2a. Database N flows'!$H:$H,'3.1.a Input Output Matrix'!H$26,'2a. Database N flows'!$P:$P,$B$3,'2a. Database N flows'!$M:$M,$B$4),SUMIFS('2a. Database N flows'!$N:$N,'2a. Database N flows'!$D:$D,'3.1.a Input Output Matrix'!$C31,'2a. Database N flows'!$E:$E,'3.1.a Input Output Matrix'!$D31,'2a. Database N flows'!$G:$G,'3.1.a Input Output Matrix'!H$25,'2a. Database N flows'!$H:$H,'3.1.a Input Output Matrix'!H$26,'2a. Database N flows'!$P:$P,$B$3)) | I31: =IF($B$4<>"Ntot",SUMIFS('2a. Database N flows'!$N:$N,'2a. Database N flows'!$D:$D,'3.1.a Input Output Matrix'!$C31,'2a. Database N flows'!$E:$E,'3.1.a Input Output Matrix'!$D31,'2a. Database N flows'!$G:$G,'3.1.a Input Output Matrix'!I$25,'2a. Database N flows'!$H:$H,'3.1.a Input Output Matrix'!I$26,'2a. Database N flows'!$P:$P,$B$3,'2a. Database N flows'!$M:$M,$B$4),SUMIFS('2a. Database N flows'!$N:$N,'2a. Database N flows'!$D:$D,'3.1.a Input Output Matrix'!$C31,'2a. Database N flows'!$E:$E,'3.1.a Input Output Matrix'!$D31,'2a. Database N flows'!$G:$G,'3.1.a Input Output Matrix'!I$25,'2a. Database N flows'!$H:$H,'3.1.a Input Output Matrix'!I$26,'2a. Database N flows'!$P:$P,$B$3)) | J31: =IF($B$4<>"Ntot",SUMIFS('2a. Database N flows'!$N:$N,'2a. Database N flows'!$D:$D,'3.1.a Input Output Matrix'!$C31,'2a. Database N flows'!$E:$E,'3.1.a Input Output Matrix'!$D31,'2a. Database N flows'!$G:$G,'3.1.a Input Output Matrix'!J$25,'2a. Database N flows'!$H:$H,'3.1.a Input Output Matrix'!J$26,'2a. Database N flows'!$P:$P,$B$3,'2a. Database N flows'!$M:$M,$B$4),SUMIFS('2a. Database N flows'!$N:$N,'2a. Database N flows'!$D:$D,'3.1.a Input Output Matrix'!$C31,'2a. Database N flows'!$E:$E,'3.1.a Input Output Matrix'!$D31,'2a. Database N flows'!$G:$G,'3.1.a Input Output Matrix'!J$25,'2a. Database N flows'!$H:$H,'3.1.a Input Output Matrix'!J$26,'2a. Database N flows'!$P:$P,$B$3)) | K31: =IF($B$4<>"Ntot",SUMIFS('2a. Database N flows'!$N:$N,'2a. Database N flows'!$D:$D,'3.1.a Input Output Matrix'!$C31,'2a. Database N flows'!$E:$E,'3.1.a Input Output Matrix'!$D31,'2a. Database N flows'!$G:$G,'3.1.a Input Output Matrix'!K$25,'2a. Database N flows'!$H:$H,'3.1.a Input Output Matrix'!K$26,'2a. Database N flows'!$P:$P,$B$3,'2a. Database N flows'!$M:$M,$B$4),SUMIFS('2a. Database N flows'!$N:$N,'2a. Database N flows'!$D:$D,'3.1.a Input Output Matrix'!$C31,'2a. Database N flows'!$E:$E,'3.1.a Input Output Matrix'!$D31,'2a. Database N flows'!$G:$G,'3.1.a Input Output Matrix'!K$25,'2a. Database N flows'!$H:$H,'3.1.a Input Output Matrix'!K$26,'2a. Database N flows'!$P:$P,$B$3)) | L31: =IF($B$4<>"Ntot",SUMIFS('2a. Database N flows'!$N:$N,'2a. Database N flows'!$D:$D,'3.1.a Input Output Matrix'!$C31,'2a. Database N flows'!$E:$E,'3.1.a Input Output Matrix'!$D31,'2a. Database N flows'!$G:$G,'3.1.a Input Output Matrix'!L$25,'2a. Database N flows'!$H:$H,'3.1.a Input Output Matrix'!L$26,'2a. Database N flows'!$P:$P,$B$3,'2a. Database N flows'!$M:$M,$B$4),SUMIFS('2a. Database N flows'!$N:$N,'2a. Database N flows'!$D:$D,'3.1.a Input Output Matrix'!$C31,'2a. Database N flows'!$E:$E,'3.1.a Input Output Matrix'!$D31,'2a. Database N flows'!$G:$G,'3.1.a Input Output Matrix'!L$25,'2a. Database N flows'!$H:$H,'3.1.a Input Output Matrix'!L$26,'2a. Database N flows'!$P:$P,$B$3)) | ... Y31: =IF($B$4<>"Ntot",SUMIFS('2a. Database N flows'!$N:$N,'2a. Database N flows'!$D:$D,'3.1.a Input Output Matrix'!$C31,'2a. Database N flows'!$E:$E,'3.1.a Input Output Matrix'!$D31,'2a. Database N flows'!$G:$G,'3.1.a Input Output Matrix'!Y$25,'2a. Database N flows'!$H:$H,'3.1.a Input Output Matrix'!Y$26,'2a. Database N flows'!$P:$P,$B$3,'2a. Database N flows'!$M:$M,$B$4),SUMIFS('2a. Database N flows'!$N:$N,'2a. Database N flows'!$D:$D,'3.1.a Input Output Matrix'!$C31,'2a. Database N flows'!$E:$E,'3.1.a Input Output Matrix'!$D31,'2a. Database N flows'!$G:$G,'3.1.a Input Output Matrix'!Y$25,'2a. Database N flows'!$H:$H,'3.1.a Input Output Matrix'!Y$26,'2a. Database N flows'!$P:$P,$B$3)) | Z31: =SUM(E31:Y31) | AA31: kt N
C32: MP | D32: OP | E32: =IF($B$4<>"Ntot",SUMIFS('2a. Database N flows'!$N:$N,'2a. Database N flows'!$D:$D,'3.1.a Input Output Matrix'!$C32,'2a. Database N flows'!$E:$E,'3.1.a Input Output Matrix'!$D32,'2a. Database N flows'!$G:$G,'3.1.a Input Output Matrix'!E$25,'2a. Database N flows'!$H:$H,'3.1.a Input Output Matrix'!E$26,'2a. Database N flows'!$P:$P,$B$3,'2a. Database N flows'!$M:$M,$B$4),SUMIFS('2a. Database N flows'!$N:$N,'2a. Database N flows'!$D:$D,'3.1.a Input Output Matrix'!$C32,'2a. Database N flows'!$E:$E,'3.1.a Input Output Matrix'!$D32,'2a. Database N flows'!$G:$G,'3.1.a Input Output Matrix'!E$25,'2a. Database N flows'!$H:$H,'3.1.a Input Output Matrix'!E$26,'2a. Database N flows'!$P:$P,$B$3)) | F32: =IF($B$4<>"Ntot",SUMIFS('2a. Database N flows'!$N:$N,'2a. Database N flows'!$D:$D,'3.1.a Input Output Matrix'!$C32,'2a. Database N flows'!$E:$E,'3.1.a Input Output Matrix'!$D32,'2a. Database N flows'!$G:$G,'3.1.a Input Output Matrix'!F$25,'2a. Database N flows'!$H:$H,'3.1.a Input Output Matrix'!F$26,'2a. Database N flows'!$P:$P,$B$3,'2a. Database N flows'!$M:$M,$B$4),SUMIFS('2a. Database N flows'!$N:$N,'2a. Database N flows'!$D:$D,'3.1.a Input Output Matrix'!$C32,'2a. Database N flows'!$E:$E,'3.1.a Input Output Matrix'!$D32,'2a. Database N flows'!$G:$G,'3.1.a Input Output Matrix'!F$25,'2a. Database N flows'!$H:$H,'3.1.a Input Output Matrix'!F$26,'2a. Database N flows'!$P:$P,$B$3)) | G32: =IF($B$4<>"Ntot",SUMIFS('2a. Database N flows'!$N:$N,'2a. Database N flows'!$D:$D,'3.1.a Input Output Matrix'!$C32,'2a. Database N flows'!$E:$E,'3.1.a Input Output Matrix'!$D32,'2a. Database N flows'!$G:$G,'3.1.a Input Output Matrix'!G$25,'2a. Database N flows'!$H:$H,'3.1.a Input Output Matrix'!G$26,'2a. Database N flows'!$P:$P,$B$3,'2a. Database N flows'!$M:$M,$B$4),SUMIFS('2a. Database N flows'!$N:$N,'2a. Database N flows'!$D:$D,'3.1.a Input Output Matrix'!$C32,'2a. Database N flows'!$E:$E,'3.1.a Input Output Matrix'!$D32,'2a. Database N flows'!$G:$G,'3.1.a Input Output Matrix'!G$25,'2a. Database N flows'!$H:$H,'3.1.a Input Output Matrix'!G$26,'2a. Database N flows'!$P:$P,$B$3)) | H32: =IF($B$4<>"Ntot",SUMIFS('2a. Database N flows'!$N:$N,'2a. Database N flows'!$D:$D,'3.1.a Input Output Matrix'!$C32,'2a. Database N flows'!$E:$E,'3.1.a Input Output Matrix'!$D32,'2a. Database N flows'!$G:$G,'3.1.a Input Output Matrix'!H$25,'2a. Database N flows'!$H:$H,'3.1.a Input Output Matrix'!H$26,'2a. Database N flows'!$P:$P,$B$3,'2a. Database N flows'!$M:$M,$B$4),SUMIFS('2a. Database N flows'!$N:$N,'2a. Database N flows'!$D:$D,'3.1.a Input Output Matrix'!$C32,'2a. Database N flows'!$E:$E,'3.1.a Input Output Matrix'!$D32,'2a. Database N flows'!$G:$G,'3.1.a Input Output Matrix'!H$25,'2a. Database N flows'!$H:$H,'3.1.a Input Output Matrix'!H$26,'2a. Database N flows'!$P:$P,$B$3)) | I32: =IF($B$4<>"Ntot",SUMIFS('2a. Database N flows'!$N:$N,'2a. Database N flows'!$D:$D,'3.1.a Input Output Matrix'!$C32,'2a. Database N flows'!$E:$E,'3.1.a Input Output Matrix'!$D32,'2a. Database N flows'!$G:$G,'3.1.a Input Output Matrix'!I$25,'2a. Database N flows'!$H:$H,'3.1.a Input Output Matrix'!I$26,'2a. Database N flows'!$P:$P,$B$3,'2a. Database N flows'!$M:$M,$B$4),SUMIFS('2a. Database N flows'!$N:$N,'2a. Database N flows'!$D:$D,'3.1.a Input Output Matrix'!$C32,'2a. Database N flows'!$E:$E,'3.1.a Input Output Matrix'!$D32,'2a. Database N flows'!$G:$G,'3.1.a Input Output Matrix'!I$25,'2a. Database N flows'!$H:$H,'3.1.a Input Output Matrix'!I$26,'2a. Database N flows'!$P:$P,$B$3)) | J32: =IF($B$4<>"Ntot",SUMIFS('2a. Database N flows'!$N:$N,'2a. Database N flows'!$D:$D,'3.1.a Input Output Matrix'!$C32,'2a. Database N flows'!$E:$E,'3.1.a Input Output Matrix'!$D32,'2a. Database N flows'!$G:$G,'3.1.a Input Output Matrix'!J$25,'2a. Database N flows'!$H:$H,'3.1.a Input Output Matrix'!J$26,'2a. Database N flows'!$P:$P,$B$3,'2a. Database N flows'!$M:$M,$B$4),SUMIFS('2a. Database N flows'!$N:$N,'2a. Database N flows'!$D:$D,'3.1.a Input Output Matrix'!$C32,'2a. Database N flows'!$E:$E,'3.1.a Input Output Matrix'!$D32,'2a. Database N flows'!$G:$G,'3.1.a Input Output Matrix'!J$25,'2a. Database N flows'!$H:$H,'3.1.a Input Output Matrix'!J$26,'2a. Database N flows'!$P:$P,$B$3)) | K32: =IF($B$4<>"Ntot",SUMIFS('2a. Database N flows'!$N:$N,'2a. Database N flows'!$D:$D,'3.1.a Input Output Matrix'!$C32,'2a. Database N flows'!$E:$E,'3.1.a Input Output Matrix'!$D32,'2a. Database N flows'!$G:$G,'3.1.a Input Output Matrix'!K$25,'2a. Database N flows'!$H:$H,'3.1.a Input Output Matrix'!K$26,'2a. Database N flows'!$P:$P,$B$3,'2a. Database N flows'!$M:$M,$B$4),SUMIFS('2a. Database N flows'!$N:$N,'2a. Database N flows'!$D:$D,'3.1.a Input Output Matrix'!$C32,'2a. Database N flows'!$E:$E,'3.1.a Input Output Matrix'!$D32,'2a. Database N flows'!$G:$G,'3.1.a Input Output Matrix'!K$25,'2a. Database N flows'!$H:$H,'3.1.a Input Output Matrix'!K$26,'2a. Database N flows'!$P:$P,$B$3)) | L32: =IF($B$4<>"Ntot",SUMIFS('2a. Database N flows'!$N:$N,'2a. Database N flows'!$D:$D,'3.1.a Input Output Matrix'!$C32,'2a. Database N flows'!$E:$E,'3.1.a Input Output Matrix'!$D32,'2a. Database N flows'!$G:$G,'3.1.a Input Output Matrix'!L$25,'2a. Database N flows'!$H:$H,'3.1.a Input Output Matrix'!L$26,'2a. Database N flows'!$P:$P,$B$3,'2a. Database N flows'!$M:$M,$B$4),SUMIFS('2a. Database N flows'!$N:$N,'2a. Database N flows'!$D:$D,'3.1.a Input Output Matrix'!$C32,'2a. Database N flows'!$E:$E,'3.1.a Input Output Matrix'!$D32,'2a. Database N flows'!$G:$G,'3.1.a Input Output Matrix'!L$25,'2a. Database N flows'!$H:$H,'3.1.a Input Output Matrix'!L$26,'2a. Database N flows'!$P:$P,$B$3)) | ... Y32: =IF($B$4<>"Ntot",SUMIFS('2a. Database N flows'!$N:$N,'2a. Database N flows'!$D:$D,'3.1.a Input Output Matrix'!$C32,'2a. Database N flows'!$E:$E,'3.1.a Input Output Matrix'!$D32,'2a. Database N flows'!$G:$G,'3.1.a Input Output Matrix'!Y$25,'2a. Database N flows'!$H:$H,'3.1.a Input Output Matrix'!Y$26,'2a. Database N flows'!$P:$P,$B$3,'2a. Database N flows'!$M:$M,$B$4),SUMIFS('2a. Database N flows'!$N:$N,'2a. Database N flows'!$D:$D,'3.1.a Input Output Matrix'!$C32,'2a. Database N flows'!$E:$E,'3.1.a Input Output Matrix'!$D32,'2a. Database N flows'!$G:$G,'3.1.a Input Output Matrix'!Y$25,'2a. Database N flows'!$H:$H,'3.1.a Input Output Matrix'!Y$26,'2a. Database N flows'!$P:$P,$B$3)) | Z32: =SUM(E32:Y32) | AA32: kt N
C33: AG | D33: BC | E33: =IF($B$4<>"Ntot",SUMIFS('2a. Database N flows'!$N:$N,'2a. Database N flows'!$D:$D,'3.1.a Input Output Matrix'!$C33,'2a. Database N flows'!$E:$E,'3.1.a Input Output Matrix'!$D33,'2a. Database N flows'!$G:$G,'3.1.a Input Output Matrix'!E$25,'2a. Database N flows'!$H:$H,'3.1.a Input Output Matrix'!E$26,'2a. Database N flows'!$P:$P,$B$3,'2a. Database N flows'!$M:$M,$B$4),SUMIFS('2a. Database N flows'!$N:$N,'2a. Database N flows'!$D:$D,'3.1.a Input Output Matrix'!$C33,'2a. Database N flows'!$E:$E,'3.1.a Input Output Matrix'!$D33,'2a. Database N flows'!$G:$G,'3.1.a Input Output Matrix'!E$25,'2a. Database N flows'!$H:$H,'3.1.a Input Output Matrix'!E$26,'2a. Database N flows'!$P:$P,$B$3)) | F33: =IF($B$4<>"Ntot",SUMIFS('2a. Database N flows'!$N:$N,'2a. Database N flows'!$D:$D,'3.1.a Input Output Matrix'!$C33,'2a. Database N flows'!$E:$E,'3.1.a Input Output Matrix'!$D33,'2a. Database N flows'!$G:$G,'3.1.a Input Output Matrix'!F$25,'2a. Database N flows'!$H:$H,'3.1.a Input Output Matrix'!F$26,'2a. Database N flows'!$P:$P,$B$3,'2a. Database N flows'!$M:$M,$B$4),SUMIFS('2a. Database N flows'!$N:$N,'2a. Database N flows'!$D:$D,'3.1.a Input Output Matrix'!$C33,'2a. Database N flows'!$E:$E,'3.1.a Input Output Matrix'!$D33,'2a. Database N flows'!$G:$G,'3.1.a Input Output Matrix'!F$25,'2a. Database N flows'!$H:$H,'3.1.a Input Output Matrix'!F$26,'2a. Database N flows'!$P:$P,$B$3)) | G33: =IF($B$4<>"Ntot",SUMIFS('2a. Database N flows'!$N:$N,'2a. Database N flows'!$D:$D,'3.1.a Input Output Matrix'!$C33,'2a. Database N flows'!$E:$E,'3.1.a Input Output Matrix'!$D33,'2a. Database N flows'!$G:$G,'3.1.a Input Output Matrix'!G$25,'2a. Database N flows'!$H:$H,'3.1.a Input Output Matrix'!G$26,'2a. Database N flows'!$P:$P,$B$3,'2a. Database N flows'!$M:$M,$B$4),SUMIFS('2a. Database N flows'!$N:$N,'2a. Database N flows'!$D:$D,'3.1.a Input Output Matrix'!$C33,'2a. Database N flows'!$E:$E,'3.1.a Input Output Matrix'!$D33,'2a. Database N flows'!$G:$G,'3.1.a Input Output Matrix'!G$25,'2a. Database N flows'!$H:$H,'3.1.a Input Output Matrix'!G$26,'2a. Database N flows'!$P:$P,$B$3)) | H33: =IF($B$4<>"Ntot",SUMIFS('2a. Database N flows'!$N:$N,'2a. Database N flows'!$D:$D,'3.1.a Input Output Matrix'!$C33,'2a. Database N flows'!$E:$E,'3.1.a Input Output Matrix'!$D33,'2a. Database N flows'!$G:$G,'3.1.a Input Output Matrix'!H$25,'2a. Database N flows'!$H:$H,'3.1.a Input Output Matrix'!H$26,'2a. Database N flows'!$P:$P,$B$3,'2a. Database N flows'!$M:$M,$B$4),SUMIFS('2a. Database N flows'!$N:$N,'2a. Database N flows'!$D:$D,'3.1.a Input Output Matrix'!$C33,'2a. Database N flows'!$E:$E,'3.1.a Input Output Matrix'!$D33,'2a. Database N flows'!$G:$G,'3.1.a Input Output Matrix'!H$25,'2a. Database N flows'!$H:$H,'3.1.a Input Output Matrix'!H$26,'2a. Database N flows'!$P:$P,$B$3)) | I33: =IF($B$4<>"Ntot",SUMIFS('2a. Database N flows'!$N:$N,'2a. Database N flows'!$D:$D,'3.1.a Input Output Matrix'!$C33,'2a. Database N flows'!$E:$E,'3.1.a Input Output Matrix'!$D33,'2a. Database N flows'!$G:$G,'3.1.a Input Output Matrix'!I$25,'2a. Database N flows'!$H:$H,'3.1.a Input Output Matrix'!I$26,'2a. Database N flows'!$P:$P,$B$3,'2a. Database N flows'!$M:$M,$B$4),SUMIFS('2a. Database N flows'!$N:$N,'2a. Database N flows'!$D:$D,'3.1.a Input Output Matrix'!$C33,'2a. Database N flows'!$E:$E,'3.1.a Input Output Matrix'!$D33,'2a. Database N flows'!$G:$G,'3.1.a Input Output Matrix'!I$25,'2a. Database N flows'!$H:$H,'3.1.a Input Output Matrix'!I$26,'2a. Database N flows'!$P:$P,$B$3)) | J33: =IF($B$4<>"Ntot",SUMIFS('2a. Database N flows'!$N:$N,'2a. Database N flows'!$D:$D,'3.1.a Input Output Matrix'!$C33,'2a. Database N flows'!$E:$E,'3.1.a Input Output Matrix'!$D33,'2a. Database N flows'!$G:$G,'3.1.a Input Output Matrix'!J$25,'2a. Database N flows'!$H:$H,'3.1.a Input Output Matrix'!J$26,'2a. Database N flows'!$P:$P,$B$3,'2a. Database N flows'!$M:$M,$B$4),SUMIFS('2a. Database N flows'!$N:$N,'2a. Database N flows'!$D:$D,'3.1.a Input Output Matrix'!$C33,'2a. Database N flows'!$E:$E,'3.1.a Input Output Matrix'!$D33,'2a. Database N flows'!$G:$G,'3.1.a Input Output Matrix'!J$25,'2a. Database N flows'!$H:$H,'3.1.a Input Output Matrix'!J$26,'2a. Database N flows'!$P:$P,$B$3)) | K33: =IF($B$4<>"Ntot",SUMIFS('2a. Database N flows'!$N:$N,'2a. Database N flows'!$D:$D,'3.1.a Input Output Matrix'!$C33,'2a. Database N flows'!$E:$E,'3.1.a Input Output Matrix'!$D33,'2a. Database N flows'!$G:$G,'3.1.a Input Output Matrix'!K$25,'2a. Database N flows'!$H:$H,'3.1.a Input Output Matrix'!K$26,'2a. Database N flows'!$P:$P,$B$3,'2a. Database N flows'!$M:$M,$B$4),SUMIFS('2a. Database N flows'!$N:$N,'2a. Database N flows'!$D:$D,'3.1.a Input Output Matrix'!$C33,'2a. Database N flows'!$E:$E,'3.1.a Input Output Matrix'!$D33,'2a. Database N flows'!$G:$G,'3.1.a Input Output Matrix'!K$25,'2a. Database N flows'!$H:$H,'3.1.a Input Output Matrix'!K$26,'2a. Database N flows'!$P:$P,$B$3)) | L33: =IF($B$4<>"Ntot",SUMIFS('2a. Database N flows'!$N:$N,'2a. Database N flows'!$D:$D,'3.1.a Input Output Matrix'!$C33,'2a. Database N flows'!$E:$E,'3.1.a Input Output Matrix'!$D33,'2a. Database N flows'!$G:$G,'3.1.a Input Output Matrix'!L$25,'2a. Database N flows'!$H:$H,'3.1.a Input Output Matrix'!L$26,'2a. Database N flows'!$P:$P,$B$3,'2a. Database N flows'!$M:$M,$B$4),SUMIFS('2a. Database N flows'!$N:$N,'2a. Database N flows'!$D:$D,'3.1.a Input Output Matrix'!$C33,'2a. Database N flows'!$E:$E,'3.1.a Input Output Matrix'!$D33,'2a. Database N flows'!$G:$G,'3.1.a Input Output Matrix'!L$25,'2a. Database N flows'!$H:$H,'3.1.a Input Output Matrix'!L$26,'2a. Database N flows'!$P:$P,$B$3)) | ... Y33: =IF($B$4<>"Ntot",SUMIFS('2a. Database N flows'!$N:$N,'2a. Database N flows'!$D:$D,'3.1.a Input Output Matrix'!$C33,'2a. Database N flows'!$E:$E,'3.1.a Input Output Matrix'!$D33,'2a. Database N flows'!$G:$G,'3.1.a Input Output Matrix'!Y$25,'2a. Database N flows'!$H:$H,'3.1.a Input Output Matrix'!Y$26,'2a. Database N flows'!$P:$P,$B$3,'2a. Database N flows'!$M:$M,$B$4),SUMIFS('2a. Database N flows'!$N:$N,'2a. Database N flows'!$D:$D,'3.1.a Input Output Matrix'!$C33,'2a. Database N flows'!$E:$E,'3.1.a Input Output Matrix'!$D33,'2a. Database N flows'!$G:$G,'3.1.a Input Output Matrix'!Y$25,'2a. Database N flows'!$H:$H,'3.1.a Input Output Matrix'!Y$26,'2a. Database N flows'!$P:$P,$B$3)) | Z33: =SUM(E33:Y33) | AA33: kt N
C34: AG | D34: MM | E34: =IF($B$4<>"Ntot",SUMIFS('2a. Database N flows'!$N:$N,'2a. Database N flows'!$D:$D,'3.1.a Input Output Matrix'!$C34,'2a. Database N flows'!$E:$E,'3.1.a Input Output Matrix'!$D34,'2a. Database N flows'!$G:$G,'3.1.a Input Output Matrix'!E$25,'2a. Database N flows'!$H:$H,'3.1.a Input Output Matrix'!E$26,'2a. Database N flows'!$P:$P,$B$3,'2a. Database N flows'!$M:$M,$B$4),SUMIFS('2a. Database N flows'!$N:$N,'2a. Database N flows'!$D:$D,'3.1.a Input Output Matrix'!$C34,'2a. Database N flows'!$E:$E,'3.1.a Input Output Matrix'!$D34,'2a. Database N flows'!$G:$G,'3.1.a Input Output Matrix'!E$25,'2a. Database N flows'!$H:$H,'3.1.a Input Output Matrix'!E$26,'2a. Database N flows'!$P:$P,$B$3)) | F34: =IF($B$4<>"Ntot",SUMIFS('2a. Database N flows'!$N:$N,'2a. Database N flows'!$D:$D,'3.1.a Input Output Matrix'!$C34,'2a. Database N flows'!$E:$E,'3.1.a Input Output Matrix'!$D34,'2a. Database N flows'!$G:$G,'3.1.a Input Output Matrix'!F$25,'2a. Database N flows'!$H:$H,'3.1.a Input Output Matrix'!F$26,'2a. Database N flows'!$P:$P,$B$3,'2a. Database N flows'!$M:$M,$B$4),SUMIFS('2a. Database N flows'!$N:$N,'2a. Database N flows'!$D:$D,'3.1.a Input Output Matrix'!$C34,'2a. Database N flows'!$E:$E,'3.1.a Input Output Matrix'!$D34,'2a. Database N flows'!$G:$G,'3.1.a Input Output Matrix'!F$25,'2a. Database N flows'!$H:$H,'3.1.a Input Output Matrix'!F$26,'2a. Database N flows'!$P:$P,$B$3)) | G34: =IF($B$4<>"Ntot",SUMIFS('2a. Database N flows'!$N:$N,'2a. Database N flows'!$D:$D,'3.1.a Input Output Matrix'!$C34,'2a. Database N flows'!$E:$E,'3.1.a Input Output Matrix'!$D34,'2a. Database N flows'!$G:$G,'3.1.a Input Output Matrix'!G$25,'2a. Database N flows'!$H:$H,'3.1.a Input Output Matrix'!G$26,'2a. Database N flows'!$P:$P,$B$3,'2a. Database N flows'!$M:$M,$B$4),SUMIFS('2a. Database N flows'!$N:$N,'2a. Database N flows'!$D:$D,'3.1.a Input Output Matrix'!$C34,'2a. Database N flows'!$E:$E,'3.1.a Input Output Matrix'!$D34,'2a. Database N flows'!$G:$G,'3.1.a Input Output Matrix'!G$25,'2a. Database N flows'!$H:$H,'3.1.a Input Output Matrix'!G$26,'2a. Database N flows'!$P:$P,$B$3)) | H34: =IF($B$4<>"Ntot",SUMIFS('2a. Database N flows'!$N:$N,'2a. Database N flows'!$D:$D,'3.1.a Input Output Matrix'!$C34,'2a. Database N flows'!$E:$E,'3.1.a Input Output Matrix'!$D34,'2a. Database N flows'!$G:$G,'3.1.a Input Output Matrix'!H$25,'2a. Database N flows'!$H:$H,'3.1.a Input Output Matrix'!H$26,'2a. Database N flows'!$P:$P,$B$3,'2a. Database N flows'!$M:$M,$B$4),SUMIFS('2a. Database N flows'!$N:$N,'2a. Database N flows'!$D:$D,'3.1.a Input Output Matrix'!$C34,'2a. Database N flows'!$E:$E,'3.1.a Input Output Matrix'!$D34,'2a. Database N flows'!$G:$G,'3.1.a Input Output Matrix'!H$25,'2a. Database N flows'!$H:$H,'3.1.a Input Output Matrix'!H$26,'2a. Database N flows'!$P:$P,$B$3)) | I34: =IF($B$4<>"Ntot",SUMIFS('2a. Database N flows'!$N:$N,'2a. Database N flows'!$D:$D,'3.1.a Input Output Matrix'!$C34,'2a. Database N flows'!$E:$E,'3.1.a Input Output Matrix'!$D34,'2a. Database N flows'!$G:$G,'3.1.a Input Output Matrix'!I$25,'2a. Database N flows'!$H:$H,'3.1.a Input Output Matrix'!I$26,'2a. Database N flows'!$P:$P,$B$3,'2a. Database N flows'!$M:$M,$B$4),SUMIFS('2a. Database N flows'!$N:$N,'2a. Database N flows'!$D:$D,'3.1.a Input Output Matrix'!$C34,'2a. Database N flows'!$E:$E,'3.1.a Input Output Matrix'!$D34,'2a. Database N flows'!$G:$G,'3.1.a Input Output Matrix'!I$25,'2a. Database N flows'!$H:$H,'3.1.a Input Output Matrix'!I$26,'2a. Database N flows'!$P:$P,$B$3)) | J34: =IF($B$4<>"Ntot",SUMIFS('2a. Database N flows'!$N:$N,'2a. Database N flows'!$D:$D,'3.1.a Input Output Matrix'!$C34,'2a. Database N flows'!$E:$E,'3.1.a Input Output Matrix'!$D34,'2a. Database N flows'!$G:$G,'3.1.a Input Output Matrix'!J$25,'2a. Database N flows'!$H:$H,'3.1.a Input Output Matrix'!J$26,'2a. Database N flows'!$P:$P,$B$3,'2a. Database N flows'!$M:$M,$B$4),SUMIFS('2a. Database N flows'!$N:$N,'2a. Database N flows'!$D:$D,'3.1.a Input Output Matrix'!$C34,'2a. Database N flows'!$E:$E,'3.1.a Input Output Matrix'!$D34,'2a. Database N flows'!$G:$G,'3.1.a Input Output Matrix'!J$25,'2a. Database N flows'!$H:$H,'3.1.a Input Output Matrix'!J$26,'2a. Database N flows'!$P:$P,$B$3)) | K34: =IF($B$4<>"Ntot",SUMIFS('2a. Database N flows'!$N:$N,'2a. Database N flows'!$D:$D,'3.1.a Input Output Matrix'!$C34,'2a. Database N flows'!$E:$E,'3.1.a Input Output Matrix'!$D34,'2a. Database N flows'!$G:$G,'3.1.a Input Output Matrix'!K$25,'2a. Database N flows'!$H:$H,'3.1.a Input Output Matrix'!K$26,'2a. Database N flows'!$P:$P,$B$3,'2a. Database N flows'!$M:$M,$B$4),SUMIFS('2a. Database N flows'!$N:$N,'2a. Database N flows'!$D:$D,'3.1.a Input Output Matrix'!$C34,'2a. Database N flows'!$E:$E,'3.1.a Input Output Matrix'!$D34,'2a. Database N flows'!$G:$G,'3.1.a Input Output Matrix'!K$25,'2a. Database N flows'!$H:$H,'3.1.a Input Output Matrix'!K$26,'2a. Database N flows'!$P:$P,$B$3)) | L34: =IF($B$4<>"Ntot",SUMIFS('2a. Database N flows'!$N:$N,'2a. Database N flows'!$D:$D,'3.1.a Input Output Matrix'!$C34,'2a. Database N flows'!$E:$E,'3.1.a Input Output Matrix'!$D34,'2a. Database N flows'!$G:$G,'3.1.a Input Output Matrix'!L$25,'2a. Database N flows'!$H:$H,'3.1.a Input Output Matrix'!L$26,'2a. Database N flows'!$P:$P,$B$3,'2a. Database N flows'!$M:$M,$B$4),SUMIFS('2a. Database N flows'!$N:$N,'2a. Database N flows'!$D:$D,'3.1.a Input Output Matrix'!$C34,'2a. Database N flows'!$E:$E,'3.1.a Input Output Matrix'!$D34,'2a. Database N flows'!$G:$G,'3.1.a Input Output Matrix'!L$25,'2a. Database N flows'!$H:$H,'3.1.a Input Output Matrix'!L$26,'2a. Database N flows'!$P:$P,$B$3)) | ... Y34: =IF($B$4<>"Ntot",SUMIFS('2a. Database N flows'!$N:$N,'2a. Database N flows'!$D:$D,'3.1.a Input Output Matrix'!$C34,'2a. Database N flows'!$E:$E,'3.1.a Input Output Matrix'!$D34,'2a. Database N flows'!$G:$G,'3.1.a Input Output Matrix'!Y$25,'2a. Database N flows'!$H:$H,'3.1.a Input Output Matrix'!Y$26,'2a. Database N flows'!$P:$P,$B$3,'2a. Database N flows'!$M:$M,$B$4),SUMIFS('2a. Database N flows'!$N:$N,'2a. Database N flows'!$D:$D,'3.1.a Input Output Matrix'!$C34,'2a. Database N flows'!$E:$E,'3.1.a Input Output Matrix'!$D34,'2a. Database N flows'!$G:$G,'3.1.a Input Output Matrix'!Y$25,'2a. Database N flows'!$H:$H,'3.1.a Input Output Matrix'!Y$26,'2a. Database N flows'!$P:$P,$B$3)) | Z34: =SUM(E34:Y34) | AA34: kt N
C35: AG | D35: SM | E35: =IF($B$4<>"Ntot",SUMIFS('2a. Database N flows'!$N:$N,'2a. Database N flows'!$D:$D,'3.1.a Input Output Matrix'!$C35,'2a. Database N flows'!$E:$E,'3.1.a Input Output Matrix'!$D35,'2a. Database N flows'!$G:$G,'3.1.a Input Output Matrix'!E$25,'2a. Database N flows'!$H:$H,'3.1.a Input Output Matrix'!E$26,'2a. Database N flows'!$P:$P,$B$3,'2a. Database N flows'!$M:$M,$B$4),SUMIFS('2a. Database N flows'!$N:$N,'2a. Database N flows'!$D:$D,'3.1.a Input Output Matrix'!$C35,'2a. Database N flows'!$E:$E,'3.1.a Input Output Matrix'!$D35,'2a. Database N flows'!$G:$G,'3.1.a Input Output Matrix'!E$25,'2a. Database N flows'!$H:$H,'3.1.a Input Output Matrix'!E$26,'2a. Database N flows'!$P:$P,$B$3)) | F35: =IF($B$4<>"Ntot",SUMIFS('2a. Database N flows'!$N:$N,'2a. Database N flows'!$D:$D,'3.1.a Input Output Matrix'!$C35,'2a. Database N flows'!$E:$E,'3.1.a Input Output Matrix'!$D35,'2a. Database N flows'!$G:$G,'3.1.a Input Output Matrix'!F$25,'2a. Database N flows'!$H:$H,'3.1.a Input Output Matrix'!F$26,'2a. Database N flows'!$P:$P,$B$3,'2a. Database N flows'!$M:$M,$B$4),SUMIFS('2a. Database N flows'!$N:$N,'2a. Database N flows'!$D:$D,'3.1.a Input Output Matrix'!$C35,'2a. Database N flows'!$E:$E,'3.1.a Input Output Matrix'!$D35,'2a. Database N flows'!$G:$G,'3.1.a Input Output Matrix'!F$25,'2a. Database N flows'!$H:$H,'3.1.a Input Output Matrix'!F$26,'2a. Database N flows'!$P:$P,$B$3)) | G35: =IF($B$4<>"Ntot",SUMIFS('2a. Database N flows'!$N:$N,'2a. Database N flows'!$D:$D,'3.1.a Input Output Matrix'!$C35,'2a. Database N flows'!$E:$E,'3.1.a Input Output Matrix'!$D35,'2a. Database N flows'!$G:$G,'3.1.a Input Output Matrix'!G$25,'2a. Database N flows'!$H:$H,'3.1.a Input Output Matrix'!G$26,'2a. Database N flows'!$P:$P,$B$3,'2a. Database N flows'!$M:$M,$B$4),SUMIFS('2a. Database N flows'!$N:$N,'2a. Database N flows'!$D:$D,'3.1.a Input Output Matrix'!$C35,'2a. Database N flows'!$E:$E,'3.1.a Input Output Matrix'!$D35,'2a. Database N flows'!$G:$G,'3.1.a Input Output Matrix'!G$25,'2a. Database N flows'!$H:$H,'3.1.a Input Output Matrix'!G$26,'2a. Database N flows'!$P:$P,$B$3)) | H35: =IF($B$4<>"Ntot",SUMIFS('2a. Database N flows'!$N:$N,'2a. Database N flows'!$D:$D,'3.1.a Input Output Matrix'!$C35,'2a. Database N flows'!$E:$E,'3.1.a Input Output Matrix'!$D35,'2a. Database N flows'!$G:$G,'3.1.a Input Output Matrix'!H$25,'2a. Database N flows'!$H:$H,'3.1.a Input Output Matrix'!H$26,'2a. Database N flows'!$P:$P,$B$3,'2a. Database N flows'!$M:$M,$B$4),SUMIFS('2a. Database N flows'!$N:$N,'2a. Database N flows'!$D:$D,'3.1.a Input Output Matrix'!$C35,'2a. Database N flows'!$E:$E,'3.1.a Input Output Matrix'!$D35,'2a. Database N flows'!$G:$G,'3.1.a Input Output Matrix'!H$25,'2a. Database N flows'!$H:$H,'3.1.a Input Output Matrix'!H$26,'2a. Database N flows'!$P:$P,$B$3)) | I35: =IF($B$4<>"Ntot",SUMIFS('2a. Database N flows'!$N:$N,'2a. Database N flows'!$D:$D,'3.1.a Input Output Matrix'!$C35,'2a. Database N flows'!$E:$E,'3.1.a Input Output Matrix'!$D35,'2a. Database N flows'!$G:$G,'3.1.a Input Output Matrix'!I$25,'2a. Database N flows'!$H:$H,'3.1.a Input Output Matrix'!I$26,'2a. Database N flows'!$P:$P,$B$3,'2a. Database N flows'!$M:$M,$B$4),SUMIFS('2a. Database N flows'!$N:$N,'2a. Database N flows'!$D:$D,'3.1.a Input Output Matrix'!$C35,'2a. Database N flows'!$E:$E,'3.1.a Input Output Matrix'!$D35,'2a. Database N flows'!$G:$G,'3.1.a Input Output Matrix'!I$25,'2a. Database N flows'!$H:$H,'3.1.a Input Output Matrix'!I$26,'2a. Database N flows'!$P:$P,$B$3)) | J35: =IF($B$4<>"Ntot",SUMIFS('2a. Database N flows'!$N:$N,'2a. Database N flows'!$D:$D,'3.1.a Input Output Matrix'!$C35,'2a. Database N flows'!$E:$E,'3.1.a Input Output Matrix'!$D35,'2a. Database N flows'!$G:$G,'3.1.a Input Output Matrix'!J$25,'2a. Database N flows'!$H:$H,'3.1.a Input Output Matrix'!J$26,'2a. Database N flows'!$P:$P,$B$3,'2a. Database N flows'!$M:$M,$B$4),SUMIFS('2a. Database N flows'!$N:$N,'2a. Database N flows'!$D:$D,'3.1.a Input Output Matrix'!$C35,'2a. Database N flows'!$E:$E,'3.1.a Input Output Matrix'!$D35,'2a. Database N flows'!$G:$G,'3.1.a Input Output Matrix'!J$25,'2a. Database N flows'!$H:$H,'3.1.a Input Output Matrix'!J$26,'2a. Database N flows'!$P:$P,$B$3)) | K35: =IF($B$4<>"Ntot",SUMIFS('2a. Database N flows'!$N:$N,'2a. Database N flows'!$D:$D,'3.1.a Input Output Matrix'!$C35,'2a. Database N flows'!$E:$E,'3.1.a Input Output Matrix'!$D35,'2a. Database N flows'!$G:$G,'3.1.a Input Output Matrix'!K$25,'2a. Database N flows'!$H:$H,'3.1.a Input Output Matrix'!K$26,'2a. Database N flows'!$P:$P,$B$3,'2a. Database N flows'!$M:$M,$B$4),SUMIFS('2a. Database N flows'!$N:$N,'2a. Database N flows'!$D:$D,'3.1.a Input Output Matrix'!$C35,'2a. Database N flows'!$E:$E,'3.1.a Input Output Matrix'!$D35,'2a. Database N flows'!$G:$G,'3.1.a Input Output Matrix'!K$25,'2a. Database N flows'!$H:$H,'3.1.a Input Output Matrix'!K$26,'2a. Database N flows'!$P:$P,$B$3)) | L35: =IF($B$4<>"Ntot",SUMIFS('2a. Database N flows'!$N:$N,'2a. Database N flows'!$D:$D,'3.1.a Input Output Matrix'!$C35,'2a. Database N flows'!$E:$E,'3.1.a Input Output Matrix'!$D35,'2a. Database N flows'!$G:$G,'3.1.a Input Output Matrix'!L$25,'2a. Database N flows'!$H:$H,'3.1.a Input Output Matrix'!L$26,'2a. Database N flows'!$P:$P,$B$3,'2a. Database N flows'!$M:$M,$B$4),SUMIFS('2a. Database N flows'!$N:$N,'2a. Database N flows'!$D:$D,'3.1.a Input Output Matrix'!$C35,'2a. Database N flows'!$E:$E,'3.1.a Input Output Matrix'!$D35,'2a. Database N flows'!$G:$G,'3.1.a Input Output Matrix'!L$25,'2a. Database N flows'!$H:$H,'3.1.a Input Output Matrix'!L$26,'2a. Database N flows'!$P:$P,$B$3)) | ... Y35: =IF($B$4<>"Ntot",SUMIFS('2a. Database N flows'!$N:$N,'2a. Database N flows'!$D:$D,'3.1.a Input Output Matrix'!$C35,'2a. Database N flows'!$E:$E,'3.1.a Input Output Matrix'!$D35,'2a. Database N flows'!$G:$G,'3.1.a Input Output Matrix'!Y$25,'2a. Database N flows'!$H:$H,'3.1.a Input Output Matrix'!Y$26,'2a. Database N flows'!$P:$P,$B$3,'2a. Database N flows'!$M:$M,$B$4),SUMIFS('2a. Database N flows'!$N:$N,'2a. Database N flows'!$D:$D,'3.1.a Input Output Matrix'!$C35,'2a. Database N flows'!$E:$E,'3.1.a Input Output Matrix'!$D35,'2a. Database N flows'!$G:$G,'3.1.a Input Output Matrix'!Y$25,'2a. Database N flows'!$H:$H,'3.1.a Input Output Matrix'!Y$26,'2a. Database N flows'!$P:$P,$B$3)) | Z35: =SUM(E35:Y35) | AA35: kt N
C36: FS | D36: FO | E36: =IF($B$4<>"Ntot",SUMIFS('2a. Database N flows'!$N:$N,'2a. Database N flows'!$D:$D,'3.1.a Input Output Matrix'!$C36,'2a. Database N flows'!$E:$E,'3.1.a Input Output Matrix'!$D36,'2a. Database N flows'!$G:$G,'3.1.a Input Output Matrix'!E$25,'2a. Database N flows'!$H:$H,'3.1.a Input Output Matrix'!E$26,'2a. Database N flows'!$P:$P,$B$3,'2a. Database N flows'!$M:$M,$B$4),SUMIFS('2a. Database N flows'!$N:$N,'2a. Database N flows'!$D:$D,'3.1.a Input Output Matrix'!$C36,'2a. Database N flows'!$E:$E,'3.1.a Input Output Matrix'!$D36,'2a. Database N flows'!$G:$G,'3.1.a Input Output Matrix'!E$25,'2a. Database N flows'!$H:$H,'3.1.a Input Output Matrix'!E$26,'2a. Database N flows'!$P:$P,$B$3)) | F36: =IF($B$4<>"Ntot",SUMIFS('2a. Database N flows'!$N:$N,'2a. Database N flows'!$D:$D,'3.1.a Input Output Matrix'!$C36,'2a. Database N flows'!$E:$E,'3.1.a Input Output Matrix'!$D36,'2a. Database N flows'!$G:$G,'3.1.a Input Output Matrix'!F$25,'2a. Database N flows'!$H:$H,'3.1.a Input Output Matrix'!F$26,'2a. Database N flows'!$P:$P,$B$3,'2a. Database N flows'!$M:$M,$B$4),SUMIFS('2a. Database N flows'!$N:$N,'2a. Database N flows'!$D:$D,'3.1.a Input Output Matrix'!$C36,'2a. Database N flows'!$E:$E,'3.1.a Input Output Matrix'!$D36,'2a. Database N flows'!$G:$G,'3.1.a Input Output Matrix'!F$25,'2a. Database N flows'!$H:$H,'3.1.a Input Output Matrix'!F$26,'2a. Database N flows'!$P:$P,$B$3)) | G36: =IF($B$4<>"Ntot",SUMIFS('2a. Database N flows'!$N:$N,'2a. Database N flows'!$D:$D,'3.1.a Input Output Matrix'!$C36,'2a. Database N flows'!$E:$E,'3.1.a Input Output Matrix'!$D36,'2a. Database N flows'!$G:$G,'3.1.a Input Output Matrix'!G$25,'2a. Database N flows'!$H:$H,'3.1.a Input Output Matrix'!G$26,'2a. Database N flows'!$P:$P,$B$3,'2a. Database N flows'!$M:$M,$B$4),SUMIFS('2a. Database N flows'!$N:$N,'2a. Database N flows'!$D:$D,'3.1.a Input Output Matrix'!$C36,'2a. Database N flows'!$E:$E,'3.1.a Input Output Matrix'!$D36,'2a. Database N flows'!$G:$G,'3.1.a Input Output Matrix'!G$25,'2a. Database N flows'!$H:$H,'3.1.a Input Output Matrix'!G$26,'2a. Database N flows'!$P:$P,$B$3)) | H36: =IF($B$4<>"Ntot",SUMIFS('2a. Database N flows'!$N:$N,'2a. Database N flows'!$D:$D,'3.1.a Input Output Matrix'!$C36,'2a. Database N flows'!$E:$E,'3.1.a Input Output Matrix'!$D36,'2a. Database N flows'!$G:$G,'3.1.a Input Output Matrix'!H$25,'2a. Database N flows'!$H:$H,'3.1.a Input Output Matrix'!H$26,'2a. Database N flows'!$P:$P,$B$3,'2a. Database N flows'!$M:$M,$B$4),SUMIFS('2a. Database N flows'!$N:$N,'2a. Database N flows'!$D:$D,'3.1.a Input Output Matrix'!$C36,'2a. Database N flows'!$E:$E,'3.1.a Input Output Matrix'!$D36,'2a. Database N flows'!$G:$G,'3.1.a Input Output Matrix'!H$25,'2a. Database N flows'!$H:$H,'3.1.a Input Output Matrix'!H$26,'2a. Database N flows'!$P:$P,$B$3)) | I36: =IF($B$4<>"Ntot",SUMIFS('2a. Database N flows'!$N:$N,'2a. Database N flows'!$D:$D,'3.1.a Input Output Matrix'!$C36,'2a. Database N flows'!$E:$E,'3.1.a Input Output Matrix'!$D36,'2a. Database N flows'!$G:$G,'3.1.a Input Output Matrix'!I$25,'2a. Database N flows'!$H:$H,'3.1.a Input Output Matrix'!I$26,'2a. Database N flows'!$P:$P,$B$3,'2a. Database N flows'!$M:$M,$B$4),SUMIFS('2a. Database N flows'!$N:$N,'2a. Database N flows'!$D:$D,'3.1.a Input Output Matrix'!$C36,'2a. Database N flows'!$E:$E,'3.1.a Input Output Matrix'!$D36,'2a. Database N flows'!$G:$G,'3.1.a Input Output Matrix'!I$25,'2a. Database N flows'!$H:$H,'3.1.a Input Output Matrix'!I$26,'2a. Database N flows'!$P:$P,$B$3)) | J36: =IF($B$4<>"Ntot",SUMIFS('2a. Database N flows'!$N:$N,'2a. Database N flows'!$D:$D,'3.1.a Input Output Matrix'!$C36,'2a. Database N flows'!$E:$E,'3.1.a Input Output Matrix'!$D36,'2a. Database N flows'!$G:$G,'3.1.a Input Output Matrix'!J$25,'2a. Database N flows'!$H:$H,'3.1.a Input Output Matrix'!J$26,'2a. Database N flows'!$P:$P,$B$3,'2a. Database N flows'!$M:$M,$B$4),SUMIFS('2a. Database N flows'!$N:$N,'2a. Database N flows'!$D:$D,'3.1.a Input Output Matrix'!$C36,'2a. Database N flows'!$E:$E,'3.1.a Input Output Matrix'!$D36,'2a. Database N flows'!$G:$G,'3.1.a Input Output Matrix'!J$25,'2a. Database N flows'!$H:$H,'3.1.a Input Output Matrix'!J$26,'2a. Database N flows'!$P:$P,$B$3)) | K36: =IF($B$4<>"Ntot",SUMIFS('2a. Database N flows'!$N:$N,'2a. Database N flows'!$D:$D,'3.1.a Input Output Matrix'!$C36,'2a. Database N flows'!$E:$E,'3.1.a Input Output Matrix'!$D36,'2a. Database N flows'!$G:$G,'3.1.a Input Output Matrix'!K$25,'2a. Database N flows'!$H:$H,'3.1.a Input Output Matrix'!K$26,'2a. Database N flows'!$P:$P,$B$3,'2a. Database N flows'!$M:$M,$B$4),SUMIFS('2a. Database N flows'!$N:$N,'2a. Database N flows'!$D:$D,'3.1.a Input Output Matrix'!$C36,'2a. Database N flows'!$E:$E,'3.1.a Input Output Matrix'!$D36,'2a. Database N flows'!$G:$G,'3.1.a Input Output Matrix'!K$25,'2a. Database N flows'!$H:$H,'3.1.a Input Output Matrix'!K$26,'2a. Database N flows'!$P:$P,$B$3)) | L36: =IF($B$4<>"Ntot",SUMIFS('2a. Database N flows'!$N:$N,'2a. Database N flows'!$D:$D,'3.1.a Input Output Matrix'!$C36,'2a. Database N flows'!$E:$E,'3.1.a Input Output Matrix'!$D36,'2a. Database N flows'!$G:$G,'3.1.a Input Output Matrix'!L$25,'2a. Database N flows'!$H:$H,'3.1.a Input Output Matrix'!L$26,'2a. Database N flows'!$P:$P,$B$3,'2a. Database N flows'!$M:$M,$B$4),SUMIFS('2a. Database N flows'!$N:$N,'2a. Database N flows'!$D:$D,'3.1.a Input Output Matrix'!$C36,'2a. Database N flows'!$E:$E,'3.1.a Input Output Matrix'!$D36,'2a. Database N flows'!$G:$G,'3.1.a Input Output Matrix'!L$25,'2a. Database N flows'!$H:$H,'3.1.a Input Output Matrix'!L$26,'2a. Database N flows'!$P:$P,$B$3)) | ... Y36: =IF($B$4<>"Ntot",SUMIFS('2a. Database N flows'!$N:$N,'2a. Database N flows'!$D:$D,'3.1.a Input Output Matrix'!$C36,'2a. Database N flows'!$E:$E,'3.1.a Input Output Matrix'!$D36,'2a. Database N flows'!$G:$G,'3.1.a Input Output Matrix'!Y$25,'2a. Database N flows'!$H:$H,'3.1.a Input Output Matrix'!Y$26,'2a. Database N flows'!$P:$P,$B$3,'2a. Database N flows'!$M:$M,$B$4),SUMIFS('2a. Database N flows'!$N:$N,'2a. Database N flows'!$D:$D,'3.1.a Input Output Matrix'!$C36,'2a. Database N flows'!$E:$E,'3.1.a Input Output Matrix'!$D36,'2a. Database N flows'!$G:$G,'3.1.a Input Output Matrix'!Y$25,'2a. Database N flows'!$H:$H,'3.1.a Input Output Matrix'!Y$26,'2a. Database N flows'!$P:$P,$B$3)) | Z36: =SUM(E36:Y36) | AA36: kt N
C37: FS | D37: OL | E37: =IF($B$4<>"Ntot",SUMIFS('2a. Database N flows'!$N:$N,'2a. Database N flows'!$D:$D,'3.1.a Input Output Matrix'!$C37,'2a. Database N flows'!$E:$E,'3.1.a Input Output Matrix'!$D37,'2a. Database N flows'!$G:$G,'3.1.a Input Output Matrix'!E$25,'2a. Database N flows'!$H:$H,'3.1.a Input Output Matrix'!E$26,'2a. Database N flows'!$P:$P,$B$3,'2a. Database N flows'!$M:$M,$B$4),SUMIFS('2a. Database N flows'!$N:$N,'2a. Database N flows'!$D:$D,'3.1.a Input Output Matrix'!$C37,'2a. Database N flows'!$E:$E,'3.1.a Input Output Matrix'!$D37,'2a. Database N flows'!$G:$G,'3.1.a Input Output Matrix'!E$25,'2a. Database N flows'!$H:$H,'3.1.a Input Output Matrix'!E$26,'2a. Database N flows'!$P:$P,$B$3)) | F37: =IF($B$4<>"Ntot",SUMIFS('2a. Database N flows'!$N:$N,'2a. Database N flows'!$D:$D,'3.1.a Input Output Matrix'!$C37,'2a. Database N flows'!$E:$E,'3.1.a Input Output Matrix'!$D37,'2a. Database N flows'!$G:$G,'3.1.a Input Output Matrix'!F$25,'2a. Database N flows'!$H:$H,'3.1.a Input Output Matrix'!F$26,'2a. Database N flows'!$P:$P,$B$3,'2a. Database N flows'!$M:$M,$B$4),SUMIFS('2a. Database N flows'!$N:$N,'2a. Database N flows'!$D:$D,'3.1.a Input Output Matrix'!$C37,'2a. Database N flows'!$E:$E,'3.1.a Input Output Matrix'!$D37,'2a. Database N flows'!$G:$G,'3.1.a Input Output Matrix'!F$25,'2a. Database N flows'!$H:$H,'3.1.a Input Output Matrix'!F$26,'2a. Database N flows'!$P:$P,$B$3)) | G37: =IF($B$4<>"Ntot",SUMIFS('2a. Database N flows'!$N:$N,'2a. Database N flows'!$D:$D,'3.1.a Input Output Matrix'!$C37,'2a. Database N flows'!$E:$E,'3.1.a Input Output Matrix'!$D37,'2a. Database N flows'!$G:$G,'3.1.a Input Output Matrix'!G$25,'2a. Database N flows'!$H:$H,'3.1.a Input Output Matrix'!G$26,'2a. Database N flows'!$P:$P,$B$3,'2a. Database N flows'!$M:$M,$B$4),SUMIFS('2a. Database N flows'!$N:$N,'2a. Database N flows'!$D:$D,'3.1.a Input Output Matrix'!$C37,'2a. Database N flows'!$E:$E,'3.1.a Input Output Matrix'!$D37,'2a. Database N flows'!$G:$G,'3.1.a Input Output Matrix'!G$25,'2a. Database N flows'!$H:$H,'3.1.a Input Output Matrix'!G$26,'2a. Database N flows'!$P:$P,$B$3)) | H37: =IF($B$4<>"Ntot",SUMIFS('2a. Database N flows'!$N:$N,'2a. Database N flows'!$D:$D,'3.1.a Input Output Matrix'!$C37,'2a. Database N flows'!$E:$E,'3.1.a Input Output Matrix'!$D37,'2a. Database N flows'!$G:$G,'3.1.a Input Output Matrix'!H$25,'2a. Database N flows'!$H:$H,'3.1.a Input Output Matrix'!H$26,'2a. Database N flows'!$P:$P,$B$3,'2a. Database N flows'!$M:$M,$B$4),SUMIFS('2a. Database N flows'!$N:$N,'2a. Database N flows'!$D:$D,'3.1.a Input Output Matrix'!$C37,'2a. Database N flows'!$E:$E,'3.1.a Input Output Matrix'!$D37,'2a. Database N flows'!$G:$G,'3.1.a Input Output Matrix'!H$25,'2a. Database N flows'!$H:$H,'3.1.a Input Output Matrix'!H$26,'2a. Database N flows'!$P:$P,$B$3)) | I37: =IF($B$4<>"Ntot",SUMIFS('2a. Database N flows'!$N:$N,'2a. Database N flows'!$D:$D,'3.1.a Input Output Matrix'!$C37,'2a. Database N flows'!$E:$E,'3.1.a Input Output Matrix'!$D37,'2a. Database N flows'!$G:$G,'3.1.a Input Output Matrix'!I$25,'2a. Database N flows'!$H:$H,'3.1.a Input Output Matrix'!I$26,'2a. Database N flows'!$P:$P,$B$3,'2a. Database N flows'!$M:$M,$B$4),SUMIFS('2a. Database N flows'!$N:$N,'2a. Database N flows'!$D:$D,'3.1.a Input Output Matrix'!$C37,'2a. Database N flows'!$E:$E,'3.1.a Input Output Matrix'!$D37,'2a. Database N flows'!$G:$G,'3.1.a Input Output Matrix'!I$25,'2a. Database N flows'!$H:$H,'3.1.a Input Output Matrix'!I$26,'2a. Database N flows'!$P:$P,$B$3)) | J37: =IF($B$4<>"Ntot",SUMIFS('2a. Database N flows'!$N:$N,'2a. Database N flows'!$D:$D,'3.1.a Input Output Matrix'!$C37,'2a. Database N flows'!$E:$E,'3.1.a Input Output Matrix'!$D37,'2a. Database N flows'!$G:$G,'3.1.a Input Output Matrix'!J$25,'2a. Database N flows'!$H:$H,'3.1.a Input Output Matrix'!J$26,'2a. Database N flows'!$P:$P,$B$3,'2a. Database N flows'!$M:$M,$B$4),SUMIFS('2a. Database N flows'!$N:$N,'2a. Database N flows'!$D:$D,'3.1.a Input Output Matrix'!$C37,'2a. Database N flows'!$E:$E,'3.1.a Input Output Matrix'!$D37,'2a. Database N flows'!$G:$G,'3.1.a Input Output Matrix'!J$25,'2a. Database N flows'!$H:$H,'3.1.a Input Output Matrix'!J$26,'2a. Database N flows'!$P:$P,$B$3)) | K37: =IF($B$4<>"Ntot",SUMIFS('2a. Database N flows'!$N:$N,'2a. Database N flows'!$D:$D,'3.1.a Input Output Matrix'!$C37,'2a. Database N flows'!$E:$E,'3.1.a Input Output Matrix'!$D37,'2a. Database N flows'!$G:$G,'3.1.a Input Output Matrix'!K$25,'2a. Database N flows'!$H:$H,'3.1.a Input Output Matrix'!K$26,'2a. Database N flows'!$P:$P,$B$3,'2a. Database N flows'!$M:$M,$B$4),SUMIFS('2a. Database N flows'!$N:$N,'2a. Database N flows'!$D:$D,'3.1.a Input Output Matrix'!$C37,'2a. Database N flows'!$E:$E,'3.1.a Input Output Matrix'!$D37,'2a. Database N flows'!$G:$G,'3.1.a Input Output Matrix'!K$25,'2a. Database N flows'!$H:$H,'3.1.a Input Output Matrix'!K$26,'2a. Database N flows'!$P:$P,$B$3)) | L37: =IF($B$4<>"Ntot",SUMIFS('2a. Database N flows'!$N:$N,'2a. Database N flows'!$D:$D,'3.1.a Input Output Matrix'!$C37,'2a. Database N flows'!$E:$E,'3.1.a Input Output Matrix'!$D37,'2a. Database N flows'!$G:$G,'3.1.a Input Output Matrix'!L$25,'2a. Database N flows'!$H:$H,'3.1.a Input Output Matrix'!L$26,'2a. Database N flows'!$P:$P,$B$3,'2a. Database N flows'!$M:$M,$B$4),SUMIFS('2a. Database N flows'!$N:$N,'2a. Database N flows'!$D:$D,'3.1.a Input Output Matrix'!$C37,'2a. Database N flows'!$E:$E,'3.1.a Input Output Matrix'!$D37,'2a. Database N flows'!$G:$G,'3.1.a Input Output Matrix'!L$25,'2a. Database N flows'!$H:$H,'3.1.a Input Output Matrix'!L$26,'2a. Database N flows'!$P:$P,$B$3)) | ... Y37: =IF($B$4<>"Ntot",SUMIFS('2a. Database N flows'!$N:$N,'2a. Database N flows'!$D:$D,'3.1.a Input Output Matrix'!$C37,'2a. Database N flows'!$E:$E,'3.1.a Input Output Matrix'!$D37,'2a. Database N flows'!$G:$G,'3.1.a Input Output Matrix'!Y$25,'2a. Database N flows'!$H:$H,'3.1.a Input Output Matrix'!Y$26,'2a. Database N flows'!$P:$P,$B$3,'2a. Database N flows'!$M:$M,$B$4),SUMIFS('2a. Database N flows'!$N:$N,'2a. Database N flows'!$D:$D,'3.1.a Input Output Matrix'!$C37,'2a. Database N flows'!$E:$E,'3.1.a Input Output Matrix'!$D37,'2a. Database N flows'!$G:$G,'3.1.a Input Output Matrix'!Y$25,'2a. Database N flows'!$H:$H,'3.1.a Input Output Matrix'!Y$26,'2a. Database N flows'!$P:$P,$B$3)) | Z37: =SUM(E37:Y37) | AA37: kt N
C38: FS | D38: WL | E38: =IF($B$4<>"Ntot",SUMIFS('2a. Database N flows'!$N:$N,'2a. Database N flows'!$D:$D,'3.1.a Input Output Matrix'!$C38,'2a. Database N flows'!$E:$E,'3.1.a Input Output Matrix'!$D38,'2a. Database N flows'!$G:$G,'3.1.a Input Output Matrix'!E$25,'2a. Database N flows'!$H:$H,'3.1.a Input Output Matrix'!E$26,'2a. Database N flows'!$P:$P,$B$3,'2a. Database N flows'!$M:$M,$B$4),SUMIFS('2a. Database N flows'!$N:$N,'2a. Database N flows'!$D:$D,'3.1.a Input Output Matrix'!$C38,'2a. Database N flows'!$E:$E,'3.1.a Input Output Matrix'!$D38,'2a. Database N flows'!$G:$G,'3.1.a Input Output Matrix'!E$25,'2a. Database N flows'!$H:$H,'3.1.a Input Output Matrix'!E$26,'2a. Database N flows'!$P:$P,$B$3)) | F38: =IF($B$4<>"Ntot",SUMIFS('2a. Database N flows'!$N:$N,'2a. Database N flows'!$D:$D,'3.1.a Input Output Matrix'!$C38,'2a. Database N flows'!$E:$E,'3.1.a Input Output Matrix'!$D38,'2a. Database N flows'!$G:$G,'3.1.a Input Output Matrix'!F$25,'2a. Database N flows'!$H:$H,'3.1.a Input Output Matrix'!F$26,'2a. Database N flows'!$P:$P,$B$3,'2a. Database N flows'!$M:$M,$B$4),SUMIFS('2a. Database N flows'!$N:$N,'2a. Database N flows'!$D:$D,'3.1.a Input Output Matrix'!$C38,'2a. Database N flows'!$E:$E,'3.1.a Input Output Matrix'!$D38,'2a. Database N flows'!$G:$G,'3.1.a Input Output Matrix'!F$25,'2a. Database N flows'!$H:$H,'3.1.a Input Output Matrix'!F$26,'2a. Database N flows'!$P:$P,$B$3)) | G38: =IF($B$4<>"Ntot",SUMIFS('2a. Database N flows'!$N:$N,'2a. Database N flows'!$D:$D,'3.1.a Input Output Matrix'!$C38,'2a. Database N flows'!$E:$E,'3.1.a Input Output Matrix'!$D38,'2a. Database N flows'!$G:$G,'3.1.a Input Output Matrix'!G$25,'2a. Database N flows'!$H:$H,'3.1.a Input Output Matrix'!G$26,'2a. Database N flows'!$P:$P,$B$3,'2a. Database N flows'!$M:$M,$B$4),SUMIFS('2a. Database N flows'!$N:$N,'2a. Database N flows'!$D:$D,'3.1.a Input Output Matrix'!$C38,'2a. Database N flows'!$E:$E,'3.1.a Input Output Matrix'!$D38,'2a. Database N flows'!$G:$G,'3.1.a Input Output Matrix'!G$25,'2a. Database N flows'!$H:$H,'3.1.a Input Output Matrix'!G$26,'2a. Database N flows'!$P:$P,$B$3)) | H38: =IF($B$4<>"Ntot",SUMIFS('2a. Database N flows'!$N:$N,'2a. Database N flows'!$D:$D,'3.1.a Input Output Matrix'!$C38,'2a. Database N flows'!$E:$E,'3.1.a Input Output Matrix'!$D38,'2a. Database N flows'!$G:$G,'3.1.a Input Output Matrix'!H$25,'2a. Database N flows'!$H:$H,'3.1.a Input Output Matrix'!H$26,'2a. Database N flows'!$P:$P,$B$3,'2a. Database N flows'!$M:$M,$B$4),SUMIFS('2a. Database N flows'!$N:$N,'2a. Database N flows'!$D:$D,'3.1.a Input Output Matrix'!$C38,'2a. Database N flows'!$E:$E,'3.1.a Input Output Matrix'!$D38,'2a. Database N flows'!$G:$G,'3.1.a Input Output Matrix'!H$25,'2a. Database N flows'!$H:$H,'3.1.a Input Output Matrix'!H$26,'2a. Database N flows'!$P:$P,$B$3)) | I38: =IF($B$4<>"Ntot",SUMIFS('2a. Database N flows'!$N:$N,'2a. Database N flows'!$D:$D,'3.1.a Input Output Matrix'!$C38,'2a. Database N flows'!$E:$E,'3.1.a Input Output Matrix'!$D38,'2a. Database N flows'!$G:$G,'3.1.a Input Output Matrix'!I$25,'2a. Database N flows'!$H:$H,'3.1.a Input Output Matrix'!I$26,'2a. Database N flows'!$P:$P,$B$3,'2a. Database N flows'!$M:$M,$B$4),SUMIFS('2a. Database N flows'!$N:$N,'2a. Database N flows'!$D:$D,'3.1.a Input Output Matrix'!$C38,'2a. Database N flows'!$E:$E,'3.1.a Input Output Matrix'!$D38,'2a. Database N flows'!$G:$G,'3.1.a Input Output Matrix'!I$25,'2a. Database N flows'!$H:$H,'3.1.a Input Output Matrix'!I$26,'2a. Database N flows'!$P:$P,$B$3)) | J38: =IF($B$4<>"Ntot",SUMIFS('2a. Database N flows'!$N:$N,'2a. Database N flows'!$D:$D,'3.1.a Input Output Matrix'!$C38,'2a. Database N flows'!$E:$E,'3.1.a Input Output Matrix'!$D38,'2a. Database N flows'!$G:$G,'3.1.a Input Output Matrix'!J$25,'2a. Database N flows'!$H:$H,'3.1.a Input Output Matrix'!J$26,'2a. Database N flows'!$P:$P,$B$3,'2a. Database N flows'!$M:$M,$B$4),SUMIFS('2a. Database N flows'!$N:$N,'2a. Database N flows'!$D:$D,'3.1.a Input Output Matrix'!$C38,'2a. Database N flows'!$E:$E,'3.1.a Input Output Matrix'!$D38,'2a. Database N flows'!$G:$G,'3.1.a Input Output Matrix'!J$25,'2a. Database N flows'!$H:$H,'3.1.a Input Output Matrix'!J$26,'2a. Database N flows'!$P:$P,$B$3)) | K38: =IF($B$4<>"Ntot",SUMIFS('2a. Database N flows'!$N:$N,'2a. Database N flows'!$D:$D,'3.1.a Input Output Matrix'!$C38,'2a. Database N flows'!$E:$E,'3.1.a Input Output Matrix'!$D38,'2a. Database N flows'!$G:$G,'3.1.a Input Output Matrix'!K$25,'2a. Database N flows'!$H:$H,'3.1.a Input Output Matrix'!K$26,'2a. Database N flows'!$P:$P,$B$3,'2a. Database N flows'!$M:$M,$B$4),SUMIFS('2a. Database N flows'!$N:$N,'2a. Database N flows'!$D:$D,'3.1.a Input Output Matrix'!$C38,'2a. Database N flows'!$E:$E,'3.1.a Input Output Matrix'!$D38,'2a. Database N flows'!$G:$G,'3.1.a Input Output Matrix'!K$25,'2a. Database N flows'!$H:$H,'3.1.a Input Output Matrix'!K$26,'2a. Database N flows'!$P:$P,$B$3)) | L38: =IF($B$4<>"Ntot",SUMIFS('2a. Database N flows'!$N:$N,'2a. Database N flows'!$D:$D,'3.1.a Input Output Matrix'!$C38,'2a. Database N flows'!$E:$E,'3.1.a Input Output Matrix'!$D38,'2a. Database N flows'!$G:$G,'3.1.a Input Output Matrix'!L$25,'2a. Database N flows'!$H:$H,'3.1.a Input Output Matrix'!L$26,'2a. Database N flows'!$P:$P,$B$3,'2a. Database N flows'!$M:$M,$B$4),SUMIFS('2a. Database N flows'!$N:$N,'2a. Database N flows'!$D:$D,'3.1.a Input Output Matrix'!$C38,'2a. Database N flows'!$E:$E,'3.1.a Input Output Matrix'!$D38,'2a. Database N flows'!$G:$G,'3.1.a Input Output Matrix'!L$25,'2a. Database N flows'!$H:$H,'3.1.a Input Output Matrix'!L$26,'2a. Database N flows'!$P:$P,$B$3)) | ... Y38: =IF($B$4<>"Ntot",SUMIFS('2a. Database N flows'!$N:$N,'2a. Database N flows'!$D:$D,'3.1.a Input Output Matrix'!$C38,'2a. Database N flows'!$E:$E,'3.1.a Input Output Matrix'!$D38,'2a. Database N flows'!$G:$G,'3.1.a Input Output Matrix'!Y$25,'2a. Database N flows'!$H:$H,'3.1.a Input Output Matrix'!Y$26,'2a. Database N flows'!$P:$P,$B$3,'2a. Database N flows'!$M:$M,$B$4),SUMIFS('2a. Database N flows'!$N:$N,'2a. Database N flows'!$D:$D,'3.1.a Input Output Matrix'!$C38,'2a. Database N flows'!$E:$E,'3.1.a Input Output Matrix'!$D38,'2a. Database N flows'!$G:$G,'3.1.a Input Output Matrix'!Y$25,'2a. Database N flows'!$H:$H,'3.1.a Input Output Matrix'!Y$26,'2a. Database N flows'!$P:$P,$B$3)) | Z38: =SUM(E38:Y38) | AA38: kt N
C39: PR | D39: SO | E39: =IF($B$4<>"Ntot",SUMIFS('2a. Database N flows'!$N:$N,'2a. Database N flows'!$D:$D,'3.1.a Input Output Matrix'!$C39,'2a. Database N flows'!$E:$E,'3.1.a Input Output Matrix'!$D39,'2a. Database N flows'!$G:$G,'3.1.a Input Output Matrix'!E$25,'2a. Database N flows'!$H:$H,'3.1.a Input Output Matrix'!E$26,'2a. Database N flows'!$P:$P,$B$3,'2a. Database N flows'!$M:$M,$B$4),SUMIFS('2a. Database N flows'!$N:$N,'2a. Database N flows'!$D:$D,'3.1.a Input Output Matrix'!$C39,'2a. Database N flows'!$E:$E,'3.1.a Input Output Matrix'!$D39,'2a. Database N flows'!$G:$G,'3.1.a Input Output Matrix'!E$25,'2a. Database N flows'!$H:$H,'3.1.a Input Output Matrix'!E$26,'2a. Database N flows'!$P:$P,$B$3)) | F39: =IF($B$4<>"Ntot",SUMIFS('2a. Database N flows'!$N:$N,'2a. Database N flows'!$D:$D,'3.1.a Input Output Matrix'!$C39,'2a. Database N flows'!$E:$E,'3.1.a Input Output Matrix'!$D39,'2a. Database N flows'!$G:$G,'3.1.a Input Output Matrix'!F$25,'2a. Database N flows'!$H:$H,'3.1.a Input Output Matrix'!F$26,'2a. Database N flows'!$P:$P,$B$3,'2a. Database N flows'!$M:$M,$B$4),SUMIFS('2a. Database N flows'!$N:$N,'2a. Database N flows'!$D:$D,'3.1.a Input Output Matrix'!$C39,'2a. Database N flows'!$E:$E,'3.1.a Input Output Matrix'!$D39,'2a. Database N flows'!$G:$G,'3.1.a Input Output Matrix'!F$25,'2a. Database N flows'!$H:$H,'3.1.a Input Output Matrix'!F$26,'2a. Database N flows'!$P:$P,$B$3)) | G39: =IF($B$4<>"Ntot",SUMIFS('2a. Database N flows'!$N:$N,'2a. Database N flows'!$D:$D,'3.1.a Input Output Matrix'!$C39,'2a. Database N flows'!$E:$E,'3.1.a Input Output Matrix'!$D39,'2a. Database N flows'!$G:$G,'3.1.a Input Output Matrix'!G$25,'2a. Database N flows'!$H:$H,'3.1.a Input Output Matrix'!G$26,'2a. Database N flows'!$P:$P,$B$3,'2a. Database N flows'!$M:$M,$B$4),SUMIFS('2a. Database N flows'!$N:$N,'2a. Database N flows'!$D:$D,'3.1.a Input Output Matrix'!$C39,'2a. Database N flows'!$E:$E,'3.1.a Input Output Matrix'!$D39,'2a. Database N flows'!$G:$G,'3.1.a Input Output Matrix'!G$25,'2a. Database N flows'!$H:$H,'3.1.a Input Output Matrix'!G$26,'2a. Database N flows'!$P:$P,$B$3)) | H39: =IF($B$4<>"Ntot",SUMIFS('2a. Database N flows'!$N:$N,'2a. Database N flows'!$D:$D,'3.1.a Input Output Matrix'!$C39,'2a. Database N flows'!$E:$E,'3.1.a Input Output Matrix'!$D39,'2a. Database N flows'!$G:$G,'3.1.a Input Output Matrix'!H$25,'2a. Database N flows'!$H:$H,'3.1.a Input Output Matrix'!H$26,'2a. Database N flows'!$P:$P,$B$3,'2a. Database N flows'!$M:$M,$B$4),SUMIFS('2a. Database N flows'!$N:$N,'2a. Database N flows'!$D:$D,'3.1.a Input Output Matrix'!$C39,'2a. Database N flows'!$E:$E,'3.1.a Input Output Matrix'!$D39,'2a. Database N flows'!$G:$G,'3.1.a Input Output Matrix'!H$25,'2a. Database N flows'!$H:$H,'3.1.a Input Output Matrix'!H$26,'2a. Database N flows'!$P:$P,$B$3)) | I39: =IF($B$4<>"Ntot",SUMIFS('2a. Database N flows'!$N:$N,'2a. Database N flows'!$D:$D,'3.1.a Input Output Matrix'!$C39,'2a. Database N flows'!$E:$E,'3.1.a Input Output Matrix'!$D39,'2a. Database N flows'!$G:$G,'3.1.a Input Output Matrix'!I$25,'2a. Database N flows'!$H:$H,'3.1.a Input Output Matrix'!I$26,'2a. Database N flows'!$P:$P,$B$3,'2a. Database N flows'!$M:$M,$B$4),SUMIFS('2a. Database N flows'!$N:$N,'2a. Database N flows'!$D:$D,'3.1.a Input Output Matrix'!$C39,'2a. Database N flows'!$E:$E,'3.1.a Input Output Matrix'!$D39,'2a. Database N flows'!$G:$G,'3.1.a Input Output Matrix'!I$25,'2a. Database N flows'!$H:$H,'3.1.a Input Output Matrix'!I$26,'2a. Database N flows'!$P:$P,$B$3)) | J39: =IF($B$4<>"Ntot",SUMIFS('2a. Database N flows'!$N:$N,'2a. Database N flows'!$D:$D,'3.1.a Input Output Matrix'!$C39,'2a. Database N flows'!$E:$E,'3.1.a Input Output Matrix'!$D39,'2a. Database N flows'!$G:$G,'3.1.a Input Output Matrix'!J$25,'2a. Database N flows'!$H:$H,'3.1.a Input Output Matrix'!J$26,'2a. Database N flows'!$P:$P,$B$3,'2a. Database N flows'!$M:$M,$B$4),SUMIFS('2a. Database N flows'!$N:$N,'2a. Database N flows'!$D:$D,'3.1.a Input Output Matrix'!$C39,'2a. Database N flows'!$E:$E,'3.1.a Input Output Matrix'!$D39,'2a. Database N flows'!$G:$G,'3.1.a Input Output Matrix'!J$25,'2a. Database N flows'!$H:$H,'3.1.a Input Output Matrix'!J$26,'2a. Database N flows'!$P:$P,$B$3)) | K39: =IF($B$4<>"Ntot",SUMIFS('2a. Database N flows'!$N:$N,'2a. Database N flows'!$D:$D,'3.1.a Input Output Matrix'!$C39,'2a. Database N flows'!$E:$E,'3.1.a Input Output Matrix'!$D39,'2a. Database N flows'!$G:$G,'3.1.a Input Output Matrix'!K$25,'2a. Database N flows'!$H:$H,'3.1.a Input Output Matrix'!K$26,'2a. Database N flows'!$P:$P,$B$3,'2a. Database N flows'!$M:$M,$B$4),SUMIFS('2a. Database N flows'!$N:$N,'2a. Database N flows'!$D:$D,'3.1.a Input Output Matrix'!$C39,'2a. Database N flows'!$E:$E,'3.1.a Input Output Matrix'!$D39,'2a. Database N flows'!$G:$G,'3.1.a Input Output Matrix'!K$25,'2a. Database N flows'!$H:$H,'3.1.a Input Output Matrix'!K$26,'2a. Database N flows'!$P:$P,$B$3)) | L39: =IF($B$4<>"Ntot",SUMIFS('2a. Database N flows'!$N:$N,'2a. Database N flows'!$D:$D,'3.1.a Input Output Matrix'!$C39,'2a. Database N flows'!$E:$E,'3.1.a Input Output Matrix'!$D39,'2a. Database N flows'!$G:$G,'3.1.a Input Output Matrix'!L$25,'2a. Database N flows'!$H:$H,'3.1.a Input Output Matrix'!L$26,'2a. Database N flows'!$P:$P,$B$3,'2a. Database N flows'!$M:$M,$B$4),SUMIFS('2a. Database N flows'!$N:$N,'2a. Database N flows'!$D:$D,'3.1.a Input Output Matrix'!$C39,'2a. Database N flows'!$E:$E,'3.1.a Input Output Matrix'!$D39,'2a. Database N flows'!$G:$G,'3.1.a Input Output Matrix'!L$25,'2a. Database N flows'!$H:$H,'3.1.a Input Output Matrix'!L$26,'2a. Database N flows'!$P:$P,$B$3)) | ... Y39: =IF($B$4<>"Ntot",SUMIFS('2a. Database N flows'!$N:$N,'2a. Database N flows'!$D:$D,'3.1.a Input Output Matrix'!$C39,'2a. Database N flows'!$E:$E,'3.1.a Input Output Matrix'!$D39,'2a. Database N flows'!$G:$G,'3.1.a Input Output Matrix'!Y$25,'2a. Database N flows'!$H:$H,'3.1.a Input Output Matrix'!Y$26,'2a. Database N flows'!$P:$P,$B$3,'2a. Database N flows'!$M:$M,$B$4),SUMIFS('2a. Database N flows'!$N:$N,'2a. Database N flows'!$D:$D,'3.1.a Input Output Matrix'!$C39,'2a. Database N flows'!$E:$E,'3.1.a Input Output Matrix'!$D39,'2a. Database N flows'!$G:$G,'3.1.a Input Output Matrix'!Y$25,'2a. Database N flows'!$H:$H,'3.1.a Input Output Matrix'!Y$26,'2a. Database N flows'!$P:$P,$B$3)) | Z39: =SUM(E39:Y39) | AA39: kt N
